FCCY,$11.5,1439684102333,16670
PIH,$7.64,1439684102374,1730
TFSCU,$10.14,1439684102409,1300
FLWS,$9.56,1439684102482,126247
DGLD,$85.97,1439684102753,2192
SRCE,$31.28,1439684102773,21517
TWOU,$36.03,1439684102803,576550
DSLV,$62.91,1439684102893,21916
FCTY,$7.61,1439684102918,4394
UGLD,$8.83,1439684102935,94710
USLV,$14.535,1439684102979,190883
VNET,$20.66,1439684103004,200730
JOBS,$28.7271,1439684103328,106996
EGHT,$8.55,1439684103375,333074
SIXD,$3.03,1439684103395,277881
CAFD,$15.77,1439684103510,185031
AVHI,$14.11,1439684103527,28080
SHLM,$35.6,1439684103537,80215
AAON,$23.23,1439684103636,51218
ABY,$22.52,1439684103673,705220
ABAX,$48.45,1439684103692,84225
ABGB,$5.07,1439684103764,74422
ABMD,$103.92,1439684103864,557866
ABEO,$5.35,1439684103941,186951
ABEOW,$2.13,1439684103986,1800
ACTG,$8.57,1439684104015,116786
AXAS,$1.81,1439684104067,379122
ACAD,$37.88,1439684104469,571839
ACHC,$81.02,1439684104480,311607
XLRN,$31.28,1439684104632,212721
AXDX,$19.22,1439684104692,155089
ANCX,$19.13,1439684104826,19975
ACST,$0.41,1439684104846,20840
ARAY,$6.23,1439684104861,283727
ACRX,$4.46,1439684104968,81777
VXUP,$17.05,1439684105051,14800
ACET,$25.32,1439684105073,55221
AKAO,$7.64,1439684105204,182132
ACHN,$7.35,1439684105299,1246701
VXDN,$16.72,1439684105333,1110
ACIW,$23.03,1439684105389,255964
ACNB,$20.2,1439684105409,12133
ACTS,$1.57,1439684105485,17679
ACPW,$1.92,1439684105563,26789
ACOR,$31.84,1439684105583,146788
ATVI,$28.6766,1439684105618,1426727
ACTA,$13.65,1439684105716,87725
ACUR,$0.66,1439684105760,12742
ADMS,$22.15,1439684105842,68231
ACXM,$21.16,1439684105857,163423
ADMP,$3.49,1439684105908,43459
ADUS,$28.7,1439684106073,31604
AEY,$2.38,1439684106088,372
ADAP,$14.36,1439684106138,65347
ADEP,$7.17,1439684106182,23908
ADMA,$9.31,1439684106199,6927
ADBE,$86.12,1439684106220,1488568
ADTN,$15.95,1439684106245,966602
ADRO,$20.83,1439684106327,165437
AEIS,$26.64,1439684106431,69176
AMD,$1.84,1439684106492,4424699
ADXS,$16.7101,1439684106539,752304
ADXSW,$11.8,1439684106652,14645
YPRO,$23.04,1439684106752,9376
AEGR,$17.98,1439684106783,572297
AEGN,$19.05,1439684106922,123840
AEPI,$57.37,1439684106969,21296
AEHR,$2.25,1439684106984,3082
AERI,$15.37,1439684107007,324248
AMTX,$3.45,1439684107088,24341
AEZS,$0.1499,1439684107159,13347466
AVAV,$26.28,1439684107203,73093
AEMD,$6.99,1439684107219,55905
AFMD,$11.15,1439684107376,334621
AFFX,$9.64,1439684107442,488622
AGEN,$7.27,1439684107558,586801
AGYS,$9.38,1439684107575,30967
AGFS,$10.85,1439684107694,74835
AGRX,$9.06,1439684107711,32532
AGIO,$90.75,1439684107754,345968
AGFSW,$2.34,1439684107768,25900
AIRM,$39.93,1439684107823,106084
AIMT,$26.05,1439684107842,232264
AIRT,$23.2,1439684107927,250
ATSG,$9.76,1439684108071,88070
AIXG,$5.94,1439684108136,8324
AMCN,$4.82,1439684108162,151232
AKBA,$7.1,1439684108232,263383
AKAM,$73.37,1439684108251,773832
AKER,$3.89,1439684108309,9034
ALRM,$16.91,1439684108420,68575
AKRX,$42.92,1439684108459,267001
ALSK,$2.08,1439684108514,97807
AMRI,$20.55,1439684108535,197494
ABDC,$12.93,1439684108627,35070
ALDR,$36.83,1439684108646,390608
ADHD,$8.71,1439684108709,222034
ALDX,$8.04,1439684108837,21110
ALXN,$185.41,1439684108883,547448
ALXA,$1.14,1439684108900,26913
ALCO,$43.45,1439684108953,31219
ALGN,$60.57,1439684109015,200157
ALIM,$3.89,1439684109071,99554
ALKS,$65.81,1439684109139,824990
ALGT,$232.87,1439684109220,82221
AIQ,$15.22,1439684109323,11364
AFOP,$18.88,1439684109350,59913
ALLB,$23.73,1439684109360,13869
ARLP,$24.81,1439684109386,237016
AHGP,$35.97,1439684109396,35741
AHPI,$1.45,1439684109611,840
AMOT,$18.36,1439684109671,47491
ALQA,$4.71,1439684109702,14930
ALLT,$5.12,1439684109787,58210
MDRX,$14.2339,1439684109855,2021647
AFAM,$48.29,1439684109874,41050
ALNY,$105.74,1439684109959,277534
AOSL,$7.51,1439684109995,50258
ALTR,$49.03,1439684110127,1221987
ASPS,$29.91,1439684110150,79204
ATEC,$0.69,1439684110203,172754
AIMC,$26.47,1439684110247,138888
AMAG,$62.95,1439684110272,322216
AMRN,$2.34,1439684110433,507489
AMRK,$10.59,1439684110480,3382
AYA,$23.16,1439684110531,29252
AMZN,$531.8,1439684110554,1034705
AMBCW,$8.26,1439684110640,2275
AMBC,$16.8,1439684110702,162638
AMBA,$108.62,1439684110717,850438
EPAX,$2.41,1439684110871,319443
AMCX,$74.87,1439684110935,298626
DOX,$60.03,1439684110965,461039
AMDA,$0.51,1439684110984,1545260
AMED,$45.38,1439684111028,117758
UHAL,$384.51,1439684111124,18282
ATAX,$5.35,1439684111226,56831
ASBI,$22.88,1439684111253,851
AAL,$42.94,1439684111399,2788427
AMOV,$18.68,1439684111417,2426
AGNCB,$24.2,1439684111457,4281
AGNC,$19.95,1439684111479,1320962
MTGE,$15.82,1439684111594,166745
AGNCP,$25.28,1439684111675,2679
ACSF,$12.8,1439684111733,27575
ACAS,$14.23,1439684111782,595829
AETI,$4.05,1439684111837,1241
ANCI,$1.69,1439684111857,1232
AMIC,$10.26,1439684111943,3
AMNB,$23.23,1439684111999,8672
ANAT,$104.931,1439684112118,15994
APEI,$22.03,1439684112154,36788
ARII,$40.52,1439684112185,156983
ASEI,$39.89,1439684112288,32018
AMSWA,$9.31,1439684112380,28210
AMRB,$10.1,1439684112419,5564
AMSC,$4.11,1439684112470,25769
AMWD,$65.3878,1439684112493,87312
CRMT,$46.35,1439684112503,13664
ABCB,$28.058,1439684112566,122269
AMSF,$50.37,1439684112586,30540
ASRV,$3.3,1439684112713,2858
ATLO,$23.46,1439684112723,3702
AMGN,$167.72,1439684112958,1715864
FOLD,$15.97,1439684112978,824112
AMKR,$4.45,1439684113058,785910
AMSG,$84.8,1439684113083,199521
AMPH,$14.64,1439684113093,158759
AFSI,$62.9255,1439684113222,254270
ASYS,$5.83,1439684113299,54662
ANAC,$136.22,1439684113317,395676
AMRS,$1.68,1439684113356,87693
ANAD,$0.3061,1439684113523,553257
ALOG,$78.8,1439684113574,69157
ADI,$58.84,1439684113602,871498
ABCW,$41.532,1439684113674,13741
ANCB,$22.95,1439684113707,830
AMCF,$0.3,1439684113727,36055
ANGI,$4.4,1439684113783,217296
ANGO,$14.88,1439684113802,59404
ANIK,$35.96,1439684114009,57914
ANSS,$94.26,1439684114023,265800
ANTH,$9.22,1439684114065,581423
ANIP,$54.76,1439684114086,152414
ATRS,$1.89,1439684114181,387131
ABAC,$0.92,1439684114207,4540
ATNY,$2.41,1439684114276,1519
APOG,$54.27,1439684114445,230022
APOL,$11.77,1439684114520,591187
APIC,$8.14,1439684114535,120354
AINV,$6.7571,1439684114567,1466887
APPF,$16.75,1439684114595,25821
ARCI,$1.36,1439684114630,543
AAPL,$116.14,1439684114674,24640968
APDN,$3.37,1439684114699,80801
AGTC,$15.64,1439684114908,42383
APDNW,$1.29,1439684114927,2500
AMAT,$16.64,1439684115038,24370499
AMCC,$5.85,1439684115053,944701
AAOI,$22.11,1439684115071,229080
AREX,$2.69,1439684115175,237180
APTO,$5.26,1439684115234,1382
APRI,$1.19,1439684115263,45007
AQMS,$5.44,1439684115332,36756
AQXP,$22.25,1439684115354,2857817
AUMA,$9.75,1439684115391,1486
AUMAW,$0.27,1439684115527,9600
ARDM,$7.49,1439684115571,164
PETX,$16.98,1439684115710,171169
ABUS,$8.4978,1439684115861,297770
ARCW,$3.74,1439684115920,6686
ACGL,$73.4547,1439684115957,200784
ACAT,$30,1439684115978,78303
RKDA,$4.69,1439684115993,10701
ARCB,$32.61,1439684116019,134416
ABIO,$0.92,1439684116036,222980
ARDX,$18.91,1439684116134,59867
ARCC,$16.14,1439684116248,687294
AGIIL,$25.37,1439684116343,3309
ARGS,$4.21,1439684116369,14978
AGII,$57.86,1439684116387,79188
ARNA,$3.397,1439684116402,1055655
ARIS,$3.32,1439684116500,300
ARIA,$7.27,1439684116615,1332183
ARKR,$25.4,1439684116652,116
ARMH,$42.47,1439684116670,10028759
ARTX,$1.57,1439684116734,104073
ARWAU,$10.11,1439684116856,1334
ARQL,$1.69,1439684117060,44695
ARRS,$27.5836,1439684117144,439421
ARRY,$5.7,1439684117163,635862
AROW,$27.56,1439684117228,9694
DWAT,$10.4642,1439684117306,1950
ARTNA,$22.38,1439684117385,13665
ARWR,$5.52,1439684117399,981689
ARTW,$4.5,1439684117417,2770
ASBB,$24.82,1439684117537,232
ASNA,$12.36,1439684117570,725469
ASCMA,$29.02,1439684117584,105505
ASND,$17.02,1439684117658,67219
ASTI,$0.22,1439684117678,731544
APWC,$2.0912,1439684117721,1000
ASMI,$38.99,1439684117760,1156
ASML,$92.69,1439684117867,1154458
ASFI,$9.14,1439684118061,11702
ASTE,$38.59,1439684118078,65215
AZPN,$37.65,1439684118093,2950503
ALOT,$13.89,1439684118139,1069
ASMB,$13.28,1439684118154,51498
ATRO,$60.31,1439684118215,151389
ASUR,$6.07,1439684118234,5246
ASTC,$2.39,1439684118275,9367
ATAI,$3.19,1439684118414,8015
ATRA,$47.18,1439684118424,101591
ATHN,$138.1303,1439684118479,123936
AFCB,$28,1439684118513,518
ATHX,$1.19,1439684118596,84041
AAPC,$10.17,1439684118631,21
ACFC,$6.1,1439684118756,67949
AAME,$3.59,1439684118791,4202
ATLC,$3.98,1439684118862,1571
ATNI,$74.13,1439684118872,33722
AFH,$17,1439684118948,26478
AAWW,$45.06,1439684118962,109644
ATML,$7.81,1439684119007,2155297
ATRC,$26.46,1439684119115,83571
ATRI,$407,1439684119208,1781
ATOS,$0.98,1439684119227,56888
LIFE,$14.33,1439684119327,25342
ATRM,$3.07,1439684119346,908
ATTU,$14.58,1439684119390,48192
AUBN,$27.14,1439684119461,130
AUDC,$3.18,1439684119544,91957
AUPH,$3.42,1439684119586,11765
EARS,$5.04,1439684119660,6000
ADAT,$0.1051,1439684119702,43263
ABTL,$19.79,1439684119721,170648
ADSK,$54.86,1439684119766,665236
ADP,$82.8833,1439684119944,1297619
AAVL,$10.03,1439684119977,3871799
AVGO,$122.2,1439684119995,1569400
AVNU,$13.1,1439684120137,284
AVNW,$1.14,1439684120160,63992
AVEO,$1.17,1439684120175,377529
AVID,$9.15,1439684120192,308546
CAR,$44.07,1439684120329,1131755
AVGR,$15.46,1439684120447,32693
AWRE,$3.23,1439684120468,8828
AXPW,$1.19,1439684120487,138494
ACLS,$3.21,1439684120510,292850
AXGN,$3.78,1439684120550,11354
AXTI,$2.21,1439684120653,24702
BCOM,$19.49,1439684120784,456
RILY,$10,1439684120868,2210
BOSC,$2.24,1439684120886,4700
BEAV,$51.17,1439684120939,283649
BIDU,$164.65,1439684120986,2586841
BCPC,$60.4,1439684121006,113481
BWINA,$23.35,1439684121024,300
BWINB,$23.34,1439684121121,5299
BLDP,$1.34,1439684121196,164191
BANF,$62.967,1439684121214,9943
BKMU,$7.35,1439684121378,42685
BOCH,$5.8,1439684121393,7263
BKSC,$15.97,1439684121426,2380
BMRC,$48.09,1439684121538,12032
OZRK,$43.87,1439684121703,189645
BOTJ,$11.18,1439684121750,1114
BFIN,$12.3,1439684121801,13153
BWFG,$18.28,1439684121821,526
BZUN,$7.73,1439684121836,69178
TAPR,$31.71,1439684121855,1155
BANR,$47.94,1439684121875,34342
BHACW,$0.1301,1439684122178,223
BBSI,$37.64,1439684122236,41946
BYBK,$5.11,1439684122294,5086
BYLK,$12.94,1439684122482,1864
BV,$5.38,1439684122497,155355
BCBP,$11.71,1439684122515,3158
BECN,$36.2544,1439684122601,195135
BDCV,$5.03,1439684122620,688
BBGI,$4.94,1439684122645,544
BSET,$31.45,1439684122655,35614
BBCN,$15.55,1439684122738,167531
BSF,$9.11,1439684122836,13169
BEBE,$1.85,1439684122926,90320
BBBY,$63.18,1439684123000,1178399
BELFA,$17.18,1439684123095,18
BELFB,$20.13,1439684123109,31899
BLPH,$4.06,1439684123230,30581
BNCL,$12.87,1439684123251,173559
BLCM,$18.48,1439684123287,194850
BGMD,$0.8211,1439684123335,323491
BGCP,$9.59,1439684123425,448030
BNFT,$38.23,1439684123496,290873
BGFV,$11.09,1439684123542,44403
ORPN,$5.45,1439684123694,13788
BASI,$1.79,1439684123712,3070
BIND,$4.43,1439684123771,24590
BIOC,$1.85,1439684123938,194442
BIOD,$0.7316,1439684124041,685384
BDSI,$6.6,1439684124092,832542
BCRX,$11.68,1439684124113,517381
BLRX,$1.51,1439684124194,57510
BLFS,$2.16,1439684124247,266859
BMRN,$134.51,1439684124303,440002
BIIB,$311,1439684124318,1139650
BIOL,$1.62,1439684124340,13674
BVXV,$4.25,1439684124497,2802
BPTH,$1.18,1439684124535,50108
BRLI,$35.45,1439684124709,176022
BBC,$32.17,1439684124761,13726
BIOS,$1.35,1439684124804,2048445
BBP,$33.75,1439684124822,25634
BSTC,$51.19,1439684124877,57413
BSPM,$0.68,1439684124947,51823
TECH,$105.65,1439684124968,57393
BOTA,$2.33,1439684124986,16624
BEAT,$11.62,1439684125149,77838
BITI,$19.31,1439684125201,49440
BDMS,$13.2,1439684125221,6
BBOX,$15.86,1439684125291,63754
BJRI,$46.18,1439684125354,155592
BDE,$7.43,1439684125387,150675
BLKB,$62.98,1439684125453,108814
BBRY,$7.6,1439684125584,1853462
ADRD,$23.44,1439684125620,402
HAWK,$43.5,1439684125630,241541
BKCC,$9.51,1439684125711,235395
ADRA,$28.75,1439684125783,3946
ADRE,$31.45,1439684125829,17219
ADRU,$23.2666,1439684125839,934
BCOR,$13.83,1439684125986,105205
BLMN,$21.66,1439684126002,654740
BLBD,$12.93,1439684126037,3084
BBLU,$0.9223,1439684126122,105042
BUFF,$26.87,1439684126137,821531
NILE,$34.68,1439684126227,70839
BHBK,$14.5,1439684126248,28477
BKEP,$6.78,1439684126423,25111
BLUE,$127.26,1439684126441,483144
BKEPP,$7.89,1439684126483,27
BPMC,$26.55,1439684126547,75584
BNCN,$21.89,1439684126672,88290
BOBE,$46.61,1439684126690,55212
WIFI,$9.07,1439684126820,209485
BOJA,$20.84,1439684126868,349611
BOFI,$128.5,1439684126883,140173
BONA,$11.85,1439684126920,57249
BOKF,$66.3333,1439684126938,37770
BNSO,$1.72,1439684127147,81525
BAMM,$3.22,1439684127165,9700
BPFH,$12.46,1439684127184,160742
BPFHP,$25.58,1439684127244,1527
EPAY,$26.1,1439684127376,94035
BDBD,$8.99,1439684127399,313922
BBRG,$12.89,1439684127520,82949
BCLI,$2.88,1439684127536,86912
BBEP,$2.8015,1439684127621,1250490
BDGE,$28.06,1439684127641,39505
BBEPP,$14.39,1439684127659,49326
BRID,$8.14,1439684127814,888
BRCM,$50.5,1439684127919,1594297
BCOV,$5.53,1439684127961,65235
BVSN,$6.02,1439684127976,16148
BSFT,$34.34,1439684127994,62708
BYFC,$1.37,1439684128037,576
BWEN,$3.56,1439684128146,29481
BRCD,$10.1084,1439684128167,1356271
BRKL,$10.8,1439684128187,155821
BRKS,$11.06,1439684128415,141610
BRKR,$20.14,1439684128433,259738
BMTC,$29.83,1439684128452,50947
BSQR,$7.28,1439684128532,739972
BLMT,$21.22,1439684128557,5561
BWLD,$195.84,1439684128567,161440
BLDR,$14.2717,1439684128629,535234
BUR,$2.02,1439684128769,1200
CFFI,$36.65,1439684128816,5286
CCMP,$45.71,1439684128885,93512
CDZI,$7.42,1439684128927,50224
CA,$29.339,1439684128947,1039559
CHRW,$69.4,1439684128992,431828
CDNS,$21.3859,1439684129026,1028237
CZR,$7.36,1439684129161,472177
CACQ,$7.18,1439684129183,37061
CSTE,$50.1161,1439684129301,463560
CLBS,$1.4,1439684129365,196556
CLMS,$11.78,1439684129383,71313
PRSS,$4.8,1439684129397,23855
CHI,$11.13,1439684129497,197498
CCD,$20.6,1439684129515,57503
CHY,$11.91,1439684129655,179045
CHW,$8.12,1439684129673,136951
CGO,$12.79,1439684129699,20918
CSQ,$10.56,1439684129731,251640
CVGW,$53,1439684129890,95587
CAMP,$16.59,1439684129935,205986
CFNB,$13.47,1439684130073,24
CALA,$5.33,1439684130200,317892
CALD,$16.56,1439684130257,145443
CLMT,$26.37,1439684130324,233743
ABCD,$4.45,1439684130407,60248
CALM,$52,1439684130465,480182
CAC,$40.42,1439684130521,6646
CAMT,$2.83,1439684130626,9466
CGIX,$11.09,1439684130789,25176
CSIQ,$24.71,1439684130850,990174
CBNJ,$10.87,1439684130898,10059
CPHC,$10.7,1439684130948,2295
CBF,$30.2,1439684131102,33918
CCBG,$15.19,1439684131148,8373
CPLP,$7.22,1439684131170,319847
CPTA,$15.25,1439684131179,51575
CPLA,$49.93,1439684131196,58767
CSWC,$49.86,1439684131220,9545
CAPNW,$0.7799,1439684131368,215
CFFN,$12.19,1439684131440,193120
CAPR,$4.12,1439684131489,35784
CAPN,$3.05,1439684131533,898859
CPST,$0.4018,1439684131552,717302
CARA,$21.91,1439684131596,133308
CARB,$11.66,1439684131855,42578
CBYL,$6.28,1439684131880,38646
CFNL,$23.528,1439684131890,59766
CRME,$9.77,1439684131915,64964
CRDC,$0.4,1439684131960,29190
CECO,$3.99,1439684132042,301907
CSII,$24.2,1439684132060,177670
CATM,$35.33,1439684132173,104211
CDNA,$6.31,1439684132295,15675
CTRE,$11.2122,1439684132312,361640
CLBH,$12.8,1439684132330,1040
CARO,$16.09,1439684132468,8504
CKEC,$23.95,1439684132583,83395
TAST,$12.93,1439684132627,101527
CRZO,$35.06,1439684132666,527432
CARV,$5.86,1439684132681,212
CASM,$1.12,1439684132701,32906
CART,$5.46,1439684132720,1338
CSCD,$14,1439684132792,19817
CACB,$5.55,1439684132821,62322
CRTN,$2.89,1439684132940,19546
CASY,$106.61,1439684133048,186358
CWST,$6.27,1439684133071,153542
CASI,$1.53,1439684133091,8742
CASS,$51.35,1439684133335,10885
CATY,$32.18,1439684133374,169694
CPRX,$4.11,1439684133393,242775
CATB,$11.99,1439684133410,18867
CVCO,$73.4488,1439684133449,24994
CBFV,$20.05,1439684133509,5187
CAVM,$71.64,1439684133551,319178
CDW,$39.18,1439684134124,1048758
CBOE,$64.4229,1439684134194,209983
CDK,$50.99,1439684134206,409820
CELG,$129.24,1439684134216,2096121
CLRB,$3.12,1439684134273,2069
CPXX,$2.25,1439684134283,67115
CELGZ,$1.98,1439684134304,24800
CECE,$10.1,1439684134331,98965
CLDX,$16.34,1439684134557,2315311
CLRBW,$0.85,1439684134575,4282
CLDN,$1.05,1439684134593,110063
CLLS,$32.67,1439684134635,64503
CBMG,$23.77,1439684134704,16338
CLSN,$2.19,1439684134737,34865
CEMP,$37.26,1439684134917,275470
CLTX,$0.58,1439684134936,27378
CETX,$2.7,1439684134953,126599
CETV,$2.29,1439684134994,73683
CYAD,$55,1439684135009,802
CFBK,$1.32,1439684135071,7802
CSFL,$14.17,1439684135089,70836
CENT,$11.21,1439684135183,16568
CENTA,$11.95,1439684135319,56021
CVCY,$11.13,1439684135333,200
CENX,$6.07,1439684135481,1106936
CNTY,$6.35,1439684135528,7045
CNBKA,$41.61,1439684135593,2429
CERU,$3.5,1439684135665,42059
CRNT,$1.4,1439684135685,268791
CERN,$64.253,1439684135705,2095458
CERS,$4.76,1439684135725,382454
CPHD,$49.05,1439684135739,966386
CERE,$1.75,1439684135869,272756
CEVA,$19.26,1439684135960,81703
CYOU,$20.2964,1439684136020,76909
KOOL,$0.675,1439684136039,13513
HOTR,$1.62,1439684136084,194026
GTLS,$24.72,1439684136322,308120
CTHR,$1.23,1439684136386,32192
CHTR,$180,1439684136401,514138
CHKP,$80.8,1439684136421,533556
CHFN,$12.62,1439684136440,35586
CHEK,$3.33,1439684136540,2931
CEMI,$4.74,1439684136657,3616
CHFC,$32.92,1439684136772,29124
CCXI,$6.53,1439684136807,75187
CHMG,$26.65,1439684136829,17
CHKE,$27.96,1439684136847,14705
CHMA,$28.7,1439684137007,281053
CHEV,$14.8,1439684137052,883
CBNK,$16.82,1439684137097,138
CALI,$1.02,1439684137192,5147
PLCE,$59.59,1439684137229,156707
CAAS,$6.73,1439684137246,32872
CMRX,$49.98,1439684137307,186569
CBAK,$2.48,1439684137425,5531
CBPO,$109.63,1439684137445,137138
CCCL,$0.93,1439684137568,2179
CHLN,$1.39,1439684137811,6811
JRJC,$4.44,1439684137871,15373
CNIT,$1.82,1439684137904,81629
HGSH,$1.93,1439684137923,8547
CHOP,$1.3,1439684137964,1815
CHNR,$2.0101,1439684138022,110
CJJD,$2.25,1439684138074,29683
HTHT,$24.6555,1439684138209,77339
CSUN,$1.54,1439684138238,16327
CREG,$0.77,1439684138301,22815
CPGI,$6.99,1439684138333,1372
CXDC,$6.25,1439684138381,21845
CNYD,$3.41,1439684138413,401
CNTF,$0.95,1439684138449,26649
CNET,$0.824,1439684138727,12696
CHSCL,$27.15,1439684138758,17402
CCIH,$9.79,1439684138769,32972
CHSCM,$26.36,1439684138779,14485
IMOS,$15.8765,1439684138804,87325
CHSCN,$27.5,1439684138828,2252
CHSCP,$30.63,1439684138991,1730
CHSCO,$28.5,1439684139006,2713
CHDN,$135.81,1439684139145,23011
CDTX,$14.5,1439684139204,18948
CIFC,$7.35,1439684139218,2606
CMCT,$15.6,1439684139267,927
CHUY,$32.95,1439684139306,149930
CMPR,$70.48,1439684139443,173078
CINF,$56.6513,1439684139464,274162
CIDM,$0.7,1439684139534,143667
CSCO,$29.05,1439684139715,19482765
CPHR,$7.5,1439684139745,20308
CTRN,$22.76,1439684139763,32987
CRUS,$29.35,1439684139801,680690
CTAS,$88.49,1439684139816,219344
CZNC,$20.34,1439684139889,40689
CZWI,$9.17,1439684140020,535
CIZN,$19.6,1439684140105,18
CIVB,$10.29,1439684140469,845
CLNE,$4.94,1439684140479,579431
CDTI,$1.61,1439684140518,47350
CHCO,$48.29,1439684140536,23230
CLNT,$1.97,1439684140561,32118
CTXS,$77.55,1439684140575,816989
CLFD,$18.18,1439684140754,21757
CLRO,$11.9,1439684140788,9018
CLIR,$5.3,1439684140984,58399
CLVS,$77.07,1439684141021,186536
CBLI,$3.57,1439684141045,62396
CSBK,$14.03,1439684141057,66895
CMFN,$11.225,1439684141082,10095
CCNE,$17.36,1439684141345,11405
CME,$98.1796,1439684141397,686578
CNV,$4.92,1439684141429,31030
CWAY,$11.5,1439684141446,1402
COKE,$162.85,1439684141613,21305
CISG,$8.5,1439684141631,30224
COBZ,$12.82,1439684141648,46622
CDXS,$3.69,1439684142210,542941
CVLY,$20.68,1439684142238,1001
CDRB,$13.06,1439684142319,16884
JVA,$4.77,1439684142389,2178
CGNX,$36.99,1439684142518,235019
CGNT,$1.57,1439684142528,31943
CCOI,$29.16,1439684142545,323506
CHRS,$34.14,1439684142648,150579
COHR,$58.79,1439684142667,46930
CLRX,$0.48,1439684142846,30833
CTSH,$67.17,1439684142865,1997748
COHU,$9.52,1439684142877,54839
CLCT,$19.76,1439684142890,12796
COLL,$16.76,1439684142964,26390
CBAN,$9.18,1439684143153,696
CIGI,$47.34,1439684143172,12840
COLB,$33.06,1439684143259,244214
COLM,$65.52,1439684143307,73336
CLCD,$8.07,1439684143327,25111
CMCO,$22.05,1439684143489,41805
CMCSK,$59.4284,1439684143508,2116219
CBMX,$1.32,1439684143631,9080
CMCSA,$58.99,1439684143649,9046286
CBSH,$47.5595,1439684143787,94480
CBSHP,$25.44,1439684143797,12520
CVGI,$4.96,1439684143814,77971
CUBN,$13.84,1439684143849,8599
CSAL,$23.0646,1439684144102,482140
COMM,$31.6,1439684144157,387513
JCS,$9.8,1439684144210,3640
CYHHZ,$0.012,1439684144411,396294
CTBI,$35.13,1439684144429,36097
ESXB,$5.12,1439684144451,20106
COB,$10.9,1439684144468,31489
CVLT,$37.51,1439684144568,155345
CIZ,$35.22,1439684144596,3483
CWBC,$6.76,1439684144723,2326
CDC,$36.72,1439684144798,9346
CFO,$37.55,1439684145051,14685
CSF,$38.404,1439684145061,3987
CFA,$37.4308,1439684145118,625
CDL,$35.5,1439684145223,1200
CGEN,$5.78,1439684145241,67614
SCOR,$63.99,1439684145385,147311
CPSI,$46.19,1439684145410,59316
CHCI,$0.5499,1439684145487,6412
CTG,$6.54,1439684145715,14602
CMTL,$28.25,1439684145726,21410
CNCE,$16.51,1439684145749,261188
CNAT,$4.02,1439684145759,94837
CNSI,$19.31,1439684145781,38416
CXRX,$76.81,1439684145802,3328
CCUR,$5.16,1439684146008,11624
CDORP,$7.48,1439684146150,4900
CFMS,$22.03,1439684146178,107758
CDORO,$19.55,1439684146321,955
CNMD,$56.07,1439684146337,75211
CNFR,$10.5,1439684146355,73332
CDOR,$1.47,1439684146373,4104
CNXR,$7.1,1439684146634,15900
CTWS,$35.15,1439684146644,16970
CONN,$35.36,1439684146665,224161
CTCT,$24.67,1439684146755,171330
CNOB,$20.29,1439684146774,21914
CNSL,$20.6,1439684146797,103551
CPSS,$5.5839,1439684146820,41993
CWCO,$11.97,1439684146835,45051
CFRX,$4.54,1439684146993,34379
CFRXZ,$0.388,1439684147284,5198
CTRV,$4.4,1439684147356,9138
CRBP,$1.85,1439684147374,51601
CTRL,$8.59,1439684147442,83173
CORT,$5.29,1439684147459,117705
CPRT,$36.38,1439684147586,123592
CORE,$64.92,1439684147651,83301
CORI,$11.57,1439684147683,305165
CSOD,$38.79,1439684147713,215145
CRVL,$33,1439684147734,11047
BVA,$3.87,1439684147755,2924
COSI,$1.32,1439684147906,146237
CSGP,$195.58,1439684147917,58789
COST,$146.09,1439684147977,812356
CPAH,$0.45,1439684148227,3990
ICBK,$18.8,1439684148246,5
CVTI,$25.72,1439684148310,86095
COWN,$5.69,1439684148354,810359
COWNL,$27.35,1439684148373,1700
CPSH,$2.42,1439684148396,1072
COVS,$3,1439684148408,81990
CRAY,$23.42,1439684148600,101120
CBRL,$151.13,1439684148624,193977
BREW,$8.29,1439684148634,29057
CRAI,$23.07,1439684148659,17184
CACC,$208.7,1439684148850,73625
GLDI,$10.94,1439684148895,1486
CREE,$27,1439684148935,736542
SLVO,$10.52,1439684149126,2025
CRESY,$11.64,1439684149212,34022
CRTO,$46.1135,1439684149227,151489
CCRN,$14.11,1439684149258,104581
CYRX,$3.01,1439684149279,34312
CROX,$15.03,1439684149434,695076
CRWS,$8.12,1439684149444,12956
CRDS,$1.13,1439684149468,9494
CRWN,$4.79,1439684149556,122136
CCLP,$15.11,1439684149700,41482
CYRXW,$0.75,1439684149709,3200
CSGS,$31.91,1439684149728,62662
CSPI,$6.25,1439684149821,2426
CTCM,$1.81,1439684149871,421922
CTIB,$3.56,1439684150019,142
CUNB,$22.57,1439684150077,15094
CTRP,$71.58,1439684150100,647995
CUI,$5.53,1439684150120,27959
CTIC,$1.78,1439684150137,675461
CMLS,$1.33,1439684150346,351192
CPIX,$5.88,1439684150356,3244
CRIS,$2.81,1439684150374,409127
CUTR,$15.06,1439684150439,25137
CVBF,$17.49,1439684150457,216059
CVV,$11.9,1439684150602,17365
CYAN,$7.71,1439684150769,1820
CYBE,$5.67,1439684150788,12559
CYBR,$58.613,1439684150798,1090998
CYBX,$59.23,1439684150815,95419
CBAY,$2.63,1439684150867,74945
CYCC,$0.6,1439684150912,62551
CYNA,$15.08,1439684150933,32912
CYCCP,$5.9999,1439684151006,400
CYNO,$34.48,1439684151153,107143
CY,$10.2,1439684151178,4925613
CYRN,$1.68,1439684151199,85044
CYTK,$6.45,1439684151209,117593
CONE,$34.6169,1439684151230,440802
CYTX,$0.4041,1439684151420,484773
CTSO,$6.86,1439684151449,218347
DAEG,$0.36,1439684151516,121546
TVIX,$5.66,1439684151577,2539657
ZIV,$50.24,1439684151595,24669
TVIZ,$12.7,1439684151609,799
CYTR,$2.35,1439684151657,393916
DJCO,$209.79,1439684151827,388
XIV,$47.853,1439684151878,4574986
DARA,$0.86,1439684151936,89811
DAKT,$12.09,1439684151959,119351
DAIO,$2.61,1439684151973,6016
DTLK,$6.21,1439684152036,56595
DRAM,$1.5,1439684152053,3374
DWCH,$5.32,1439684152188,33560
PLAY,$36.99,1439684152315,95663
DTEA,$12.86,1439684152355,100839
DWSN,$5.26,1439684152370,128866
DHRM,$1.7101,1439684152443,300
DBVT,$40.24,1439684152463,62448
TRAK,$62.17,1439684152481,171284
DFRG,$15.43,1439684152565,102102
TACO,$14.13,1439684152740,145091
TACOW,$4.84,1439684152761,6997
DGAS,$20.29,1439684152779,1081
DCTH,$0.506,1439684152822,93303
DELT,$2.27,1439684152886,1400
DENN,$12.45,1439684152978,229084
XRAY,$56.79,1439684153073,360722
DEPO,$31.5,1439684153110,450314
DEST,$11.9,1439684153269,37464
DSCI,$6.48,1439684153318,34546
DXLG,$4.8,1439684153336,32163
DERM,$24.35,1439684153354,290496
DXM,$0.3104,1439684153460,22833
DSWL,$1.8,1439684153484,200
DXCM,$99.88,1439684153579,425358
DMND,$32.05,1439684153750,66566
DHIL,$191.83,1439684153769,2202
DCIX,$1.91,1439684153833,25108
FANG,$73.9,1439684153845,806182
DRNA,$10.9,1439684153869,83375
DGII,$10.03,1439684153999,54981
DMRC,$37.6,1439684154069,26231
DRAD,$4.03,1439684154089,10843
DGLY,$7.9,1439684154161,65368
APPS,$2.36,1439684154246,115256
DCOM,$17.25,1439684154267,55077
DIOD,$20.25,1439684154284,69966
DPRX,$14.12,1439684154428,32366
DISCA,$28.31,1439684154448,1225213
DSCO,$0.48,1439684154530,94291
DISCK,$27.12,1439684154551,475636
DVCR,$11.91,1439684154671,1034
DISH,$66.31,1439684154689,318377
BAGR,$2.85,1439684154757,12164
DLHC,$2.5,1439684154791,1408
DLTR,$77.78,1439684154943,906641
DNBF,$26.58,1439684154996,901
DGICA,$14.4,1439684155036,26119
DMLP,$14.92,1439684155149,25551
HILL,$5.43,1439684155171,217772
DRWI,$0.29,1439684155227,91105
DORM,$52.57,1439684155246,115775
DRWIW,$0.059,1439684155350,1176
DSKX,$3.71,1439684155497,184236
DRYS,$0.3785,1439684155522,1950899
DWA,$19.54,1439684155532,378295
DSPG,$9.12,1439684155591,174369
DTSI,$27.02,1439684155891,62117
DNKN,$52.43,1439684155975,294738
DXPE,$30,1439684156020,115466
DRRX,$2.16,1439684156038,188067
DYAX,$22.33,1439684156109,532466
BOOM,$10.15,1439684156205,23624
DVAX,$29.31,1439684156423,182230
ETFC,$28.5357,1439684156446,801059
DYNT,$3.05,1439684156461,14702
EBMT,$11.63,1439684156481,4832
EGBN,$44.5,1439684156532,100761
EGLE,$8,1439684156612,23643
EROC,$1.52,1439684156630,371604
EGRX,$66.8,1439684156691,540439
ELNK,$9.26,1439684156776,559987
EWBC,$45.149,1439684156833,523967
EACQU,$10.03,1439684156864,3923
EML,$17.29,1439684157020,2762
EVBS,$6.43,1439684157038,3597
EBAY,$28.28,1439684157075,4099330
ELON,$0.54,1439684157183,53529
EBIX,$30.86,1439684157225,213354
ECHO,$25.21,1439684157294,185482
SATS,$46.0773,1439684157316,53543
ECTE,$1.51,1439684157326,20042
EEI,$11.3,1439684157412,611
ECACU,$10.03,1439684157528,13800
ESES,$3.49,1439684157543,7993
EDGW,$7.17,1439684157561,2580
EDAP,$3.7,1439684157605,14717
EDUC,$4.91,1439684157822,450
EGAN,$3.55,1439684157850,16571
EFUT,$4.61,1439684157902,1315
EGLT,$12.58,1439684157946,31175
ESLT,$83.26,1439684158026,3131
EHTH,$15.08,1439684158046,65255
LOCO,$14.64,1439684158058,5588616
EMITF,$1.29,1439684158089,46303
ELRC,$10.49,1439684158288,22286
ESIO,$4.72,1439684158435,39298
EA,$73.14,1439684158461,1341794
EFII,$45.7,1439684158492,134474
ELSE,$3.88,1439684158604,4891
ERI,$8.9381,1439684158638,143521
CAPX,$23.96,1439684158830,800
EBIO,$4.71,1439684158882,1929066
ESBK,$19.97,1439684158971,12
LONG,$17.08,1439684158986,3212
RDEN,$10.34,1439684159005,110192
ELTK,$1.14,1439684159039,24034
EMCF,$23.68,1439684159210,210
EMCI,$24.79,1439684159303,20067
EMMS,$1.24,1439684159337,17905
EMKR,$7.22,1439684159417,292043
ERS,$3.1,1439684159437,65064
ENTA,$40.29,1439684159456,101077
NYNY,$4.51,1439684159474,43787
ECPG,$40.31,1439684159682,152054
ENDP,$84.84,1439684159772,1329136
ECYT,$5.42,1439684159809,138959
ELGX,$13.35,1439684159892,411751
WATT,$7.05,1439684159911,105240
EIGI,$16.42,1439684159933,207454
WIRE,$33.61,1439684159948,51560
EFOI,$18.82,1439684159978,832264
ERII,$2.86,1439684160257,44357
ENG,$1.14,1439684160271,3082
ENOC,$9.01,1439684160289,213279
EXXI,$1.73,1439684160354,517132
ESGR,$161.16,1439684160372,17997
ENTG,$14.45,1439684160395,376369
ENPH,$5.5,1439684160475,294120
ENFC,$18.39,1439684160493,6278
ENTL,$22.41,1439684160683,70292
ETRM,$0.25,1439684160728,651477
EGT,$2.23,1439684160849,2709
EFSC,$24.81,1439684160867,19694
ENZN,$1.13,1439684160891,890164
ENVI,$1.82,1439684160906,26146
EBTC,$21.22,1439684160925,4191
EPIQ,$14.12,1439684160982,62342
EPRS,$5.14,1439684161041,90026
EQIX,$284.4569,1439684161267,510554
EPZM,$17.34,1439684161313,188948
PLUS,$74.04,1439684161336,44902
EQFN,$8.34,1439684161553,300
ESCA,$18.49,1439684161618,8160
ERIE,$86.8074,1439684161638,30666
ERIC,$10.3741,1439684161655,983601
ESCRP,$1.65,1439684161708,8530
ESPR,$66.5,1439684161730,209376
ESCR,$0.23,1439684161750,2414
ESMC,$1.38,1439684161799,8018
EPIX,$7.15,1439684162003,2670
ESSA,$12.86,1439684162093,1300
ESND,$36.16,1439684162172,85475
ESSX,$0.4701,1439684162186,43950
ETSY,$17.08,1439684162205,666621
CLWT,$2.6,1439684162303,1200
EVEP,$9.21,1439684162349,397964
ESEA,$6.46,1439684162363,10323
EEFT,$68.74,1439684162399,144293
EVOK,$4.65,1439684162555,45627
EVK,$3.96,1439684162571,11
EVLV,$2.23,1439684162593,69085
EVOL,$6.35,1439684162603,3389
EXA,$10.68,1439684162657,9087
EXAS,$22.94,1439684162719,349131
EXAC,$18.29,1439684162769,82298
EXEL,$5.817,1439684162969,2099714
EXLS,$37.13,1439684162987,97551
EXFO,$2.91,1439684163106,5288
EXPO,$43.78,1439684163152,45109
EXPE,$121.71,1439684163194,503732
EXPD,$49.28,1439684163233,615404
ESRX,$88.26,1439684163353,3060353
EXTR,$2.93,1439684163367,414766
EXLP,$20.99,1439684163448,60574
EZCH,$20.66,1439684163488,151611
FFIV,$132.61,1439684163558,307911
EZPW,$6.12,1439684163583,192066
EYEG,$3.99,1439684163592,26799
FCS,$14.44,1439684163780,276113
FB,$94.5,1439684163795,9771618
FRP,$17.47,1439684163912,58600
DAVE,$14.94,1439684163984,11148
FWM,$2.25,1439684164075,132585
FALC,$1.68,1439684164086,42047
FARM,$23.86,1439684164107,18782
FFKT,$26.69,1439684164165,10401
FMNB,$8.2,1439684164175,8804
FARO,$42.16,1439684164273,53935
FAST,$40.21,1439684164293,703087
FATE,$7.46,1439684164352,27707
FBRC,$23.13,1439684164452,9387
FDML,$9.8,1439684164471,115988
FBSS,$15.82,1439684164624,34
FNHC,$24.34,1439684164639,27647
FEIC,$81.65,1439684164775,228806
FHCO,$1.52,1439684164817,19982
FGEN,$25.9,1439684164874,927214
FCSC,$6.57,1439684164961,149188
FENX,$9.83,1439684164971,45917
FDUS,$14.59,1439684164997,40675
ONEQ,$198.49,1439684165007,15244
LION,$20.37,1439684165107,252799
FRGI,$54.98,1439684165168,95802
FSAM,$8.75,1439684165270,11831
FSC,$6.5499,1439684165349,452822
FSFR,$9.13,1439684165413,83639
FITBI,$27.83,1439684165589,3626
FISI,$24.39,1439684165604,11112
FNGN,$36.18,1439684165621,333093
FITB,$21.1142,1439684165679,3776569
FNSR,$17.26,1439684165702,658501
FNJN,$1.81,1439684165716,40023
FEYE,$43,1439684165991,1390964
FBNC,$17.18,1439684166045,14007
FNLC,$18.84,1439684166102,9493
BUSE,$6.44,1439684166238,39535
FBIZ,$43.95,1439684166293,8944
FRBA,$6.02,1439684166370,1300
FCAP,$26.7,1439684166443,763
FCBC,$18.1,1439684166466,11453
FCNCA,$252.9,1439684166477,17265
FCLF,$9.19,1439684166489,252
FCVA,$4.71,1439684166511,1090
FCFS,$38.37,1439684166585,56943
FCCO,$12.14,1439684166707,788
FBNK,$16.27,1439684166788,12340
FCFP,$6.8,1439684166870,2600
FDEF,$37.12,1439684166932,16041
FFBC,$19.26,1439684166987,67929
FFNM,$6.33,1439684166997,212
FFNW,$12.5,1439684167142,12446
FFIN,$32.79,1439684167171,106041
THFF,$33.49,1439684167191,171589
FFWM,$21.4,1439684167209,9501
FMBH,$21.7701,1439684167619,400
FNBC,$36.64,1439684167652,88959
FRME,$26.23,1439684167671,52974
FMBI,$18.49,1439684167690,119055
FIBK,$28.13,1439684167740,50346
INBK,$35.38,1439684167774,4601
FNFG,$9.7219,1439684167794,833198
FNWB,$12.31,1439684167854,2879
FSFG,$30.27,1439684167991,112
FSBK,$7.89,1439684168032,4687
FSGI,$2.5,1439684168051,6390
FSLR,$51.51,1439684168112,687562
FTCS,$38.71,1439684168198,8644
FBZ,$10.88,1439684168239,100
FCAN,$25.82,1439684168266,2227
FV,$24.66,1439684168552,827913
FCA,$23.1001,1439684168617,370
FTSM,$59.91,1439684168636,19221
IFV,$18.98,1439684168671,211987
FEUZ,$32.65,1439684168722,450
FTGC,$22.92,1439684168793,84693
FGM,$37.8,1439684168810,5656
TDIV,$26.02,1439684168926,44692
MDIV,$19.84,1439684169050,126750
FTHI,$21.21,1439684169077,2369
FPXI,$29.11,1439684169088,1244
HYLS,$49.79,1439684169108,26504
FHK,$36.46,1439684169141,5732
YDIV,$17.4,1439684169156,390
SKYY,$30.5,1439684169346,14146
CU,$13.49,1439684169422,646
FJP,$50.42,1439684169584,30073
QABA,$39.36,1439684169617,3580
CIBR,$19.55,1439684169745,50198
FONE,$36.86,1439684169836,300
CARZ,$37.03,1439684169918,3534
QCLN,$16.04,1439684169938,18493
RDVY,$22.4571,1439684170090,3099
QQEW,$44.1,1439684170169,13303
QQXT,$42.59,1439684170265,21860
AIRR,$17.07,1439684170280,51393
QINC,$21.49,1439684170298,75158
QTEC,$42.25,1439684170353,22929
FTSL,$49.04,1439684170431,48267
FDIV,$47.35,1439684170528,335
FSZ,$40.72,1439684170599,8594
FTW,$32.574,1439684170650,1432
TUSA,$26.209,1439684170710,300
FKU,$44.18,1439684170749,4467
FUNC,$8.4,1439684170768,556
FMER,$18.76,1439684170936,755503
FISV,$89.58,1439684171052,439590
FIVE,$38.41,1439684171095,457240
SVVC,$10.82,1439684171115,19598
FIVN,$4.46,1439684171138,104048
FSV,$32.5,1439684171156,10747
FPRX,$18.79,1439684171192,223946
FLML,$21.3267,1439684171300,101223
FLKS,$14.32,1439684171405,37536
FLXS,$40.54,1439684171554,11848
FLXN,$23.1,1439684171586,70755
FLEX,$11.0865,1439684171680,2141447
FLIR,$30.54,1439684171722,278824
FLDM,$12.89,1439684171852,390736
FFIC,$20.88,1439684171939,65081
FOMX,$9.79,1439684171956,55260
FOGO,$19.6175,1439684171967,142486
FONR,$9.68,1439684172052,5700
FES,$1.06,1439684172086,4048
FORTY,$34,1439684172143,400
FORM,$6.66,1439684172221,162468
FORR,$32.43,1439684172336,27600
FWRD,$49.08,1439684172439,98880
FTNT,$46.4459,1439684172449,607785
FBIO,$3.08,1439684172472,58911
FORD,$1.34,1439684172563,3138874
FOSL,$61.4026,1439684172616,746137
FWP,$25.84,1439684172695,110674
FMI,$20.13,1439684172755,169488
FXCB,$17.38,1439684172775,8423
FOXF,$15.88,1439684172803,39343
FRAN,$11.36,1439684172867,347919
FELE,$30.34,1439684172887,126492
FRED,$14.51,1439684172994,97499
FREE,$0.49,1439684173012,488100
RAIL,$22.53,1439684173143,98929
FEIM,$10.68,1439684173166,2278
FRPT,$14.61,1439684173241,282342
FTR,$5.45,1439684173302,9480709
FTRPR,$107.75,1439684173353,3598
FRPH,$31.35,1439684173440,6999
FSBW,$23.72,1439684173536,1200
FTEK,$2.33,1439684173594,15429
FSYS,$6.82,1439684173685,31304
FTD,$30.04,1439684173695,66983
FCEL,$0.82,1439684173790,504567
FULL,$3.24,1439684173809,52034
FLL,$1.55,1439684173889,27340
FULT,$13.09,1439684173983,459622
FXEN,$0.99,1439684174142,48256
FXENP,$15.84,1439684174178,400
FSNN,$2.69,1439684174199,658
GK,$71.79,1439684174280,46241
GAIA,$6.2,1439684174491,23442
GALTW,$0.7729,1439684174595,2000
GLPG,$60.86,1439684174613,12247
GALT,$2.38,1439684174686,160338
GLMD,$9.18,1439684174735,8734
GALE,$1.42,1439684174755,917044
GLPI,$33.1866,1439684174799,182255
GPIC,$10.89,1439684174916,200
GRMN,$39.9,1439684174936,440580
GGACU,$10.04,1439684175185,1198
GENC,$9.54,1439684175305,22
GARS,$14.8,1439684175332,13068
GFN,$4.1,1439684175442,16924
GNCMA,$17.92,1439684175460,49347
GFNCP,$92.98,1439684175499,1987
GFNSL,$26,1439684175526,1854
GENE,$2.66,1439684175544,114278
GNMK,$9.2,1439684175562,131296
GNCA,$13.01,1439684175723,326010
GHDX,$24.85,1439684175812,126615
GNTX,$15.6781,1439684175857,573358
THRM,$48.66,1439684175871,162168
GNVC,$2.45,1439684175906,9948
GTWN,$18.34,1439684176011,7
GEOS,$15.73,1439684176131,89905
GABC,$29.38,1439684176162,6654
GEVO,$2.17,1439684176221,245325
GIGM,$0.653,1439684176236,3820
GERN,$3.08,1439684176259,1309900
ROCK,$18.72,1439684176308,135108
GIGA,$1.52,1439684176381,156769
GILT,$4.54,1439684176534,9192
GIII,$69.71,1439684176591,195510
GBCI,$28.12,1439684176644,192448
GILD,$115.747,1439684176663,3359438
GLAD,$8.23,1439684176814,30844
GLADO,$25.59,1439684176852,3490
GAIN,$7.96,1439684176971,83436
GOOD,$15.94,1439684176992,72728
GOODP,$25.4,1439684177029,887
GAINO,$25.56,1439684177164,3380
GAINP,$26.05,1439684177213,500
LAND,$9.61,1439684177236,9915
GLBZ,$11.72,1439684177325,1500
GPACU,$10.05,1439684177622,12500
GBT,$45.69,1439684177648,212872
GBLI,$27.28,1439684177658,7555
ENT,$12.15,1439684177700,101376
GSOL,$8.53,1439684177726,17397
ACTX,$14.1325,1439684177773,1700
GAINN,$25.23,1439684177980,21802
QQQC,$21.61,1439684178006,2230
SOCL,$18.74,1439684178021,21579
ALTY,$14.9103,1439684178031,300
YLCO,$12.28,1439684178159,9000
SRET,$13.89,1439684178198,800
GSM,$14.08,1439684178355,187331
GLRI,$1.2,1439684178437,16544
GLUU,$4.65,1439684178456,1235779
GAI,$5.58,1439684178466,2291
GLBS,$1.0792,1439684178479,1000
GBIM,$2.48,1439684178508,58881
GLYC,$7.56,1439684178525,4076
GOGO,$16.57,1439684178619,301365
GMLP,$20.6,1439684178807,92777
GLNG,$37.9,1439684178830,1486121
GLDC,$4.2,1439684178868,969
GDEN,$9.26,1439684178889,71555
GOGL,$3.6,1439684179032,293077
GTIM,$7.31,1439684179166,59096
GBDC,$16.51,1439684179185,70183
GPRO,$58.85,1439684179200,2051150
GOOG,$658,1439684179221,575936
GOOGL,$688.97,1439684179246,671519
GMAN,$4.57,1439684179256,18771
LOPE,$39.22,1439684179585,198309
GRVY,$3.4,1439684179653,1386
GBSN,$2.45,1439684179788,49787
GLDD,$5.64,1439684179834,120267
GNBC,$13.55,1439684179852,30706
GSBC,$41.622,1439684179867,17920
GPP,$14.9,1439684179945,36622
GRBK,$14.12,1439684179999,200403
GPRE,$23.42,1439684180022,514392
GLRE,$26.59,1439684180250,61261
GRIF,$30.89,1439684180286,13
GRFS,$32.33,1439684180303,102377
GCBC,$28.4,1439684180313,7
GGAL,$20.76,1439684180506,289230
OMAB,$42.61,1439684180524,68484
GRPN,$4.33,1439684180567,5751663
GSIG,$13.51,1439684180585,29142
GSIT,$5.01,1439684180626,3618
GTXI,$0.9388,1439684180650,16950
GSVC,$9.52,1439684180660,37271
GBNK,$16.2,1439684180775,12915
GFED,$15.05,1439684180863,600
GIFI,$12.03,1439684180960,28149
GUID,$9.1,1439684180975,37035
GULTU,$0.396,1439684181009,44593
GURE,$1.935,1439684181162,64899
GWPH,$111.18,1439684181211,147848
GWGH,$7.76,1439684181268,3023
GPOR,$35.97,1439684181287,754081
GYRO,$2.89,1439684181334,9722
HEES,$17.38,1439684181389,215617
HNRG,$7.58,1439684181430,223613
HLG,$9.5,1439684181497,3800
HALL,$11.29,1439684181522,108415
HBK,$13.72,1439684181617,14
HALO,$19.17,1439684181707,1172702
HMPR,$2,1439684181771,25917
HNH,$28.81,1439684181890,4444
HBHC,$29.13,1439684181907,234808
HBHCL,$24.66,1439684181926,14879
HAFC,$25.83,1439684181962,45506
HNSN,$0.52,1439684181980,162684
HQCL,$11.05,1439684182157,6718
HLIT,$5.84,1439684182205,347527
HDNG,$9.16,1439684182227,19906
TINY,$2.6,1439684182411,34646
HBIO,$4.53,1439684182609,62042
HCAP,$12.26,1439684182718,5574
HWKN,$38.14,1439684182838,21598
HCOM,$22.88,1439684182909,19700
HA,$25.25,1439684182920,565564
HAS,$80.7003,1439684182939,315783
HWBK,$13.97,1439684182959,1264
HAYN,$41,1439684182996,59498
HIIQ,$4.57,1439684183194,23455
HDS,$34.89,1439684183218,641213
HQY,$32.71,1439684183267,77878
HCSG,$34.72,1439684183281,121815
HSTM,$25.74,1439684183324,78710
HWAY,$12.46,1439684183447,103689
HTBX,$5.6,1439684183565,4484
HTLF,$37.86,1439684183579,17821
HTLD,$21.36,1439684183600,158390
HTWR,$87.48,1439684183626,99132
HSII,$20.15,1439684183636,56202
HELE,$90.71,1439684183659,73392
HMNY,$2.44,1439684183678,700
HMTV,$13.34,1439684183783,25471
HNNA,$23.4,1439684183953,9674
HSIC,$145.1,1439684184152,112776
HERO,$0.067,1439684184192,3719112
HTBK,$11.06,1439684184240,24757
MLHR,$28.5366,1439684184265,167723
HCCI,$12.7,1439684184280,19633
HEOP,$8.01,1439684184381,14350
HFWA,$18.37,1439684184398,29134
HFFC,$16.62,1439684184512,2657
HSKA,$34.01,1439684184537,39389
HRTX,$29.6,1439684184546,202790
HPJ,$2.73,1439684184652,9415
HIHO,$3.9,1439684184668,3357
HIBB,$41.35,1439684184678,231172
HIMX,$6.81,1439684184881,686859
HIFS,$119.8,1439684185017,883
HOLI,$19.2,1439684185121,195650
HSGX,$6.65,1439684185142,5717
HOLX,$42.45,1439684185161,1844393
HMSY,$9.35,1439684185184,1106543
HBCP,$24.8,1439684185333,2952
AWAY,$30.73,1439684185365,686997
HOMB,$41.19,1439684185405,147275
HMST,$22.29,1439684185453,27869
HMIN,$29.2,1439684185476,51489
HFBL,$21.7,1439684185491,377
HTBI,$18.5,1439684185579,21498
HKTV,$5.2,1439684185601,13236
CETC,$1.04,1439684185678,24470
HFBC,$11.77,1439684185887,2956
HOFT,$25.16,1439684185927,13206
HBNC,$24.85,1439684185996,13995
HRZN,$11.13,1439684186009,60234
HZNP,$30.5,1439684186032,1710487
HDP,$26.39,1439684186061,157063
HMHC,$23.73,1439684186082,334341
ZINC,$8.76,1439684186192,261960
HWCC,$7.5,1439684186297,64761
HOVNP,$5.44,1439684186333,805
HBMD,$13.61,1439684186367,2032
HTGM,$5.8,1439684186500,10834
HSNI,$63.4,1439684186511,312531
HUBG,$42.07,1439684186534,229865
HCBK,$10.3021,1439684186685,591458
HSON,$2.86,1439684186695,9208
HDSN,$3.21,1439684186717,9756
HBAN,$11.8024,1439684186770,3769903
HBANP,$1356.9999,1439684186846,77
HURC,$31.07,1439684186868,10077
HURN,$75.5,1439684186905,65313
HBP,$3.15,1439684187004,3904
HTCH,$1.65,1439684187113,92024
HYGS,$7.75,1439684187435,29742
IACI,$74.71,1439684187554,507636
IDSY,$4.03,1439684187570,17495
IKGH,$1.7,1439684187643,45831
IBKC,$63.88,1439684187680,58280
ICAD,$3.53,1439684187697,18116
IEP,$73.43,1439684187780,37117
ICFI,$35.33,1439684187854,40539
ICLR,$82.2992,1439684187874,274483
ICON,$13.7284,1439684187927,470448
ICUI,$121.81,1439684188020,74981
IPWR,$7.77,1439684188037,7778
INVE,$4.28,1439684188069,203309
IDRA,$2.67,1439684188211,986147
IDXX,$77.61,1439684188246,188942
IROQ,$16.6,1439684188307,1037
DSKY,$12.3,1439684188331,218302
IRG,$4.57,1439684188412,6456
RXDX,$13.12,1439684188430,115181
KANG,$16.5124,1439684188510,55545
IIVI,$17.84,1439684188560,79559
IKNX,$11.49,1439684188684,2608
IKAN,$2.73,1439684188735,22508
IMMR,$12.49,1439684188775,60642
ISNS,$4.23,1439684188799,5749
ILMN,$208.07,1439684188863,425449
IMDZ,$16.81,1439684188896,195833
ICCC,$9.31,1439684188974,28959
IMGN,$13.58,1439684189101,680677
IPXL,$45.17,1439684189214,521749
IMMU,$1.79,1439684189239,446939
IMMY,$7.75,1439684189261,10631
SAAS,$8.1,1439684189299,627869
INCR,$44.47,1439684189323,220734
INCY,$105.8,1439684189438,389232
INDB,$48.15,1439684189490,65070
IBCP,$14.61,1439684189570,55610
IBTX,$43.82,1439684189595,19115
IDSA,$3.86,1439684189616,245
INFI,$9.2,1439684189713,553587
INFN,$24.12,1439684189739,550469
IPCC,$78.38,1439684189828,17553
III,$4.34,1439684189948,19664
IMKTA,$54.36,1439684189997,88040
IFON,$1.36,1439684190019,196818
INWK,$7.9,1439684190102,109470
INNL,$12.91,1439684190160,2803
INOD,$2.61,1439684190173,1761
IPHS,$51.08,1439684190196,381707
ISSC,$2.96,1439684190295,7455
IOSP,$46.32,1439684190347,58867
INGN,$51.74,1439684190420,143426
ITEK,$14.43,1439684190446,812982
INOV,$21.48,1439684190498,391611
INO,$7.2,1439684190524,745576
NSIT,$26.63,1439684190639,60434
ISIG,$2.58,1439684190673,6159
IIIN,$18.04,1439684190781,29408
PODD,$31.6,1439684190808,343174
INSM,$25.77,1439684190828,221129
INSY,$34.96,1439684190878,637958
IART,$62.04,1439684191010,187161
NTEC,$6.1,1439684191022,13252
IDTI,$19.19,1439684191153,1335570
IESC,$7.09,1439684191186,3874
ISSI,$22.24,1439684191198,201531
INTC,$29.02,1439684191358,9436038
IQNT,$17.85,1439684191487,109071
IPCI,$2.28,1439684191574,77087
IPAR,$28.72,1439684191598,61744
ININ,$40.56,1439684191644,50231
ICPT,$212,1439684191722,201274
IBKR,$42.1984,1439684191756,131902
ICLD,$1.82,1439684191777,284420
TILE,$25.68,1439684191935,418781
ICLDW,$0.97,1439684191955,1118
IDCC,$49.76,1439684192007,99587
INAP,$8.82,1439684192032,263204
IMI,$2.04,1439684192055,36780
IBOC,$27.49,1439684192216,72579
ISCA,$33.29,1439684192233,53389
IGLD,$7.5,1439684192345,4481
IIJI,$10.16,1439684192386,58
PTNT,$3.09,1439684192433,436
INPH,$0.325,1439684192450,19045
XENT,$28.56,1439684192515,71941
INTX,$2.5,1439684192589,44539
ISIL,$10.95,1439684192746,398498
IVAC,$5.17,1439684192763,92323
IILG,$21.35,1439684192826,127927
INTL,$29.26,1439684192855,86870
ITCI,$29.57,1439684192880,223343
INTLL,$25.67,1439684192903,3003
INTU,$105.62,1439684192944,510704
IIN,$6.94,1439684192972,546
SNAK,$8.77,1439684193245,102194
ISRG,$529.87,1439684193265,73358
INVT,$0.3,1439684193297,50440
ITIC,$71.94,1439684193320,7
ISBC,$12.28,1439684193355,1679483
ISTR,$15.88,1439684193478,850
NVIV,$11.16,1439684193532,228686
IPAS,$1.06,1439684193591,34059
IVTY,$11.09,1439684193654,5232
IPGP,$91.88,1439684193678,411210
IPCM,$79.41,1439684193767,98711
IRIX,$6.92,1439684193859,9200
IRMD,$26.24,1439684193915,10706
IRDM,$6.94,1439684194039,417101
IRDMB,$271.5,1439684194255,840
IRWD,$11.525,1439684194312,1059006
GNMA,$50.05,1439684194335,2581
COMT,$33.86,1439684194358,8294
FCHI,$50.74,1439684194380,974
IRBT,$31.47,1439684194450,160305
IFAS,$29.26,1439684194492,100
IFEU,$40.39,1439684194621,3595
IFNA,$55.4,1439684194679,5572
ACWX,$43.37,1439684194775,132073
IFGL,$30.21,1439684194796,238404
ACWI,$59.29,1439684194860,277873
AAXJ,$57.07,1439684195074,1145939
EMDI,$47.89,1439684195096,338
AAIT,$31.02,1439684195214,334
EEMA,$53.77,1439684195236,39391
EGRW,$51.5,1439684195271,173
EVAL,$37.85,1439684195407,2692
EUFN,$23.28,1439684195437,65884
IEUS,$47.69,1439684195550,8409
UAE,$19.68,1439684195699,2300
IBB,$366.737,1439684195783,621903
EMIF,$30.56,1439684195837,11604
ICLN,$10.32,1439684195869,21437
WOOD,$51.26,1439684195881,6620
SOXX,$85.55,1439684195906,201567
ISHG,$78.93,1439684195956,1931
INDY,$30.13,1439684196029,650962
IGOV,$90.43,1439684196125,11538
ISIS,$50.05,1439684196188,896451
ISLE,$18.79,1439684196212,162798
ISRL,$138.85,1439684196282,298
ITRI,$33.58,1439684196328,222425
ITRN,$25.96,1439684196463,2351
ITUS,$3.99,1439684196480,9660
JJSF,$118.66,1439684196546,23138
XXIA,$15.76,1439684196571,465044
JASO,$8.04,1439684196602,641972
IXYS,$11.08,1439684196645,185487
MAYS,$58.25,1439684196724,440
JCOM,$73.25,1439684196749,113265
JBHT,$80.35,1439684196826,507248
JKHY,$71.2342,1439684196895,170405
JACK,$87.48,1439684196997,167339
JXSB,$24.19,1439684197117,18
JAGX,$2.7,1439684197164,7038
JAXB,$13.4,1439684197189,1205
JMBA,$13.82,1439684197236,139771
JAKK,$9.81,1439684197258,362698
JRVR,$26.76,1439684197347,43338
JASN,$5.31,1439684197395,4057
JAZZ,$184.46,1439684197472,174749
JASNW,$0.25,1439684197497,2001
JD,$28.1,1439684197562,6662323
JBLU,$24,1439684197606,3552349
JTPY,$2.97,1439684197629,5410
DATE,$6.58,1439684197845,59870
JST,$4.4,1439684197870,2066
JCTCF,$9.72,1439684197892,3572
JIVE,$4.12,1439684197912,292670
WYIGU,$10.14,1439684197982,129
JOUT,$24.81,1439684198007,12391
JOEZ,$0.19,1439684198029,155468
JBSS,$48.38,1439684198050,28627
JUNO,$39.053,1439684198276,1291267
KTWO,$21.14,1439684198296,58639
JNP,$9.87,1439684198309,15984
KALU,$85.24,1439684198419,65716
KBIO,$1.92,1439684198437,20987
KMDA,$3.88,1439684198493,5000
KNDI,$6.84,1439684198614,131937
KCLI,$47.97,1439684198638,6665
KPTI,$12.02,1439684198656,894723
KBSF,$3.76,1439684198671,6700
KELYA,$14.81,1439684198791,129689
KCAP,$5.06,1439684198810,128514
KRNY,$11.55,1439684198831,366781
KMPH,$21.45,1439684198938,636071
KFFB,$8.29,1439684199047,497
KERX,$6.05,1439684199216,1432292
GMCR,$50.59,1439684199253,1268697
KEQU,$17.47,1439684199264,341
KTEC,$12.3,1439684199302,180
KTCC,$9.96,1439684199335,1900
KFRC,$28.01,1439684199428,120808
KE,$11.5575,1439684199446,71983
KBAL,$11.62,1439684199540,101039
KGJI,$0.73,1439684199606,61875
KIN,$5.9,1439684199617,8462
KINS,$8.17,1439684199710,12600
KONE,$4.07,1439684199758,6497
KIRK,$26.64,1439684199772,30235
KITE,$56.403,1439684199816,1274682
KLAC,$51.2,1439684199959,733798
KLXI,$38.92,1439684199998,153987
KONA,$20.32,1439684200118,17159
KRNT,$13.16,1439684200153,3767
KZ,$7.08,1439684200218,65899
KOPN,$2.66,1439684200233,284596
KOSS,$2.64,1439684200288,9591
KWEB,$34.24,1439684200338,6440
KTOS,$4.84,1439684200492,231769
KUTV,$0.82,1439684200508,16501
KVHI,$10.6,1439684200526,34813
KYTH,$74.61,1439684200691,248448
KLIC,$10.25,1439684200713,122187
FSTR,$19.5,1439684200760,60513
LJPC,$25.24,1439684200897,58834
LBAI,$11.32,1439684200942,110601
LSBK,$13.3,1439684200960,627
LSBG,$14.92,1439684201047,220
LKFN,$42.35,1439684201099,13178
LAKE,$10.06,1439684201163,9029
LRCX,$71.073,1439684201241,2498810
LANC,$95.0586,1439684201269,43243
LNDC,$13.04,1439684201328,24760
LAMR,$57.24,1439684201349,258104
LARK,$27.49,1439684201473,12
LE,$23.03,1439684201528,116162
LMRK,$15.6,1439684201567,32218
LSTR,$69.03,1439684201709,187795
LNTH,$7.45,1439684201730,28334
LTRX,$1.31,1439684201744,3707
LSCC,$4.05,1439684201846,407951
LPSB,$14.24,1439684201864,1338
LAWS,$25.1,1439684201882,5391
LAYN,$8.19,1439684201983,67633
LCNB,$16.29,1439684202032,582
LBIX,$3.42,1439684202096,1992
LDRH,$40.54,1439684202173,152376
LGCY,$7.14,1439684202194,374846
LGCYO,$16.5,1439684202252,7305
LGCYP,$15.8,1439684202276,3404
LTXB,$28.952,1439684202381,51601
LMAT,$13.61,1439684202443,61181
TREE,$133.71,1439684202535,169040
LXRX,$10.48,1439684202550,259634
LBRDA,$54.51,1439684202666,29125
LHCG,$47.48,1439684202676,47939
LGIH,$26.53,1439684202686,224151
LBRDK,$53.78,1439684202729,66287
LBTYK,$48.17,1439684202924,1683923
LBTYA,$52.02,1439684202946,1082201
LILA,$39.31,1439684203014,65249
LILAK,$39.09,1439684203067,80128
LVNTA,$41.58,1439684203173,159361
QVCA,$30.26,1439684203286,427163
TAX,$24.44,1439684203446,4763
LMCK,$37.87,1439684203486,492025
LMCA,$38.28,1439684203604,318106
LTRPA,$26.38,1439684203772,177043
LPNT,$81.8473,1439684203782,230651
LCUT,$14.92,1439684204039,8462
LWAY,$14.84,1439684204201,13182
LGND,$93.84,1439684204249,118338
LFVN,$0.72,1439684204297,87568
LPTH,$1.7,1439684204331,8316
LLEX,$0.83,1439684204451,380
LTBR,$1.05,1439684204466,12708
LIME,$3.72,1439684204503,14182
LMNR,$19.48,1439684204558,11682
LLNW,$2.7,1439684204573,835632
LECO,$62.05,1439684204773,187340
LINC,$1.05,1439684204818,43485
LINDW,$1.5,1439684204916,600
LLTC,$41.24,1439684204969,1414063
LIND,$9.6,1439684204983,11374
LNCO,$3.08,1439684205067,1216720
LBIO,$7.15,1439684205224,197367
LINE,$3.14,1439684205272,2573890
LIQD,$0.13,1439684205331,222479
LIOX,$5.99,1439684205352,99348
LOB,$19.22,1439684205410,79933
LPCN,$16.51,1439684205421,266267
LQDT,$7.95,1439684205445,222914
LFUS,$92.91,1439684205462,61970
LIVE,$1.97,1439684205625,91648
LPSN,$9.2,1439684205684,118472
LKQ,$31.5262,1439684205756,709710
LMIA,$11.96,1439684205774,8076
LNBB,$19.38,1439684205814,28831
LOGI,$13.6,1439684205960,45099
LOGM,$70.66,1439684206085,75996
LOOK,$0.6,1439684206117,2112
LORL,$61.48,1439684206143,19965
EVAR,$3.95,1439684206167,5607
LOJN,$3.54,1439684206185,11097
LABC,$23.99,1439684206202,218
LOXO,$19.83,1439684206259,52724
LPTN,$0.235,1439684206414,319818
LPLA,$42.8386,1439684206477,229108
LYTS,$9.53,1439684206541,119978
LRAD,$1.72,1439684206562,16352
LULU,$65.1622,1439684206596,700758
LMNS,$13.88,1439684206700,86567
LMNX,$19.26,1439684206747,111062
LITE,$20.33,1439684206829,196357
LMOS,$13.2,1439684206896,35466
LUNA,$1.17,1439684206918,35688
MBTF,$6,1439684206928,11170
MCBC,$5.3,1439684206975,8299
MTSI,$32.84,1439684207036,201572
MCUR,$12.89,1439684207114,8838
MFNC,$10.745,1439684207276,11486
MGNX,$30.82,1439684207540,143059
CALL,$8.7,1439684207629,160005
MAGS,$4.12,1439684207644,12656
MPET,$2.04,1439684207668,15419
MGLN,$58.05,1439684207687,114932
MNGA,$1.03,1439684207702,198047
MGIC,$6.77,1439684207733,28893
MAG,$49.91,1439684207884,2717
MHLD,$16.39,1439684208010,199121
MGYR,$10.03,1439684208043,2039
MSFG,$21.52,1439684208133,29931
MMYT,$13.2315,1439684208270,117893
COOL,$1.44,1439684208353,5585
MLVF,$15.8,1439684208472,702
MANH,$65.39,1439684208526,224907
MAMS,$6.15,1439684208589,2932
MNTX,$6.74,1439684208604,29618
LOAN,$3.78,1439684208623,13854
MNKD,$4.08,1439684208753,2087343
MTEX,$18.84,1439684208787,736
MANT,$28.72,1439684208857,56008
MBUU,$19.03,1439684208876,25788
MARA,$3.1,1439684208934,100380
MCHX,$4.16,1439684208985,31779
MARPS,$6.1,1439684209008,410
MRNS,$15.17,1439684209133,19923
MKTO,$29.35,1439684209256,101606
MKTX,$96.38,1439684209318,68856
MRKT,$29.114,1439684209336,933893
MRLN,$13.83,1439684209355,10408
MAR,$71.8525,1439684209374,700928
MBII,$1.95,1439684209481,27826
MMLP,$28.34,1439684209604,96577
MRTN,$19.09,1439684209655,30750
MASI,$42.7,1439684209718,193614
MTRX,$20.53,1439684209749,78927
MRVL,$12.43,1439684209828,1792822
MTLS,$8.1,1439684209848,27537
MATR,$6.35,1439684209924,13208
MAT,$23.0872,1439684209944,2294383
MFRM,$62.86,1439684210121,50562
MATW,$53.36,1439684210154,52568
MTSN,$2.67,1439684210174,321313
MBFI,$33.65,1439684210294,85657
MZOR,$12.94,1439684210340,17292
MXIM,$33.9069,1439684210354,831582
MBFIP,$26.87,1439684210411,4405
MXWL,$5.24,1439684210431,155767
MCGC,$4.36,1439684210529,506902
MCFT,$16.175,1439684210559,37462
MGRC,$26.14,1439684210600,59700
MDCA,$19.41,1439684210674,204846
MCOX,$3.3,1439684210703,19047
TAXI,$8.16,1439684210771,52638
MDAS,$21.58,1439684210821,216578
MDSO,$52.59,1439684211030,105919
MNOV,$3.61,1439684211097,6408
MDWD,$7.01,1439684211113,2630
MDVN,$98.99,1439684211154,460936
MDVX,$2.74,1439684211258,1477
MTBC,$2.26,1439684211297,1875
MEET,$1.59,1439684211365,139657
MELA,$1.14,1439684211453,43211
MPEL,$21.94,1439684211593,1564581
MLNX,$42.6314,1439684211608,180027
MELR,$14.45,1439684211631,1722
MEIP,$1.6,1439684211647,138175
MEMP,$6.79,1439684211797,750075
MRD,$19.35,1439684211851,484514
MENT,$26.21,1439684211869,584768
MELI,$119.75,1439684211976,94195
MBWM,$20.59,1439684211999,11681
MTSL,$1.48,1439684212036,11319
MERC,$11.3669,1439684212087,276228
MRCY,$16.02,1439684212145,74120
MBVT,$29.08,1439684212165,5524
MRGE,$7.11,1439684212325,1183112
EBSB,$12.75,1439684212359,85870
VIVO,$18.18,1439684212376,93094
MMSI,$24.69,1439684212492,176407
MACK,$10.56,1439684212518,771613
MSLI,$1.88,1439684212610,10668
CASH,$48.45,1439684212667,27643
MLAB,$115.71,1439684212698,2260
MBLX,$2.64,1439684212721,7722
MEIL,$0.34,1439684212790,7971
MEOH,$44.58,1439684212840,300662
METR,$29.99,1439684212999,75962
MGCD,$5.28,1439684213085,17
MGEE,$40.14,1439684213173,35904
MFRI,$5.52,1439684213191,3954
MGPI,$15.96,1439684213245,49048
MCHP,$43.29,1439684213271,1253718
MU,$16.99,1439684213303,21428328
MICT,$2.96,1439684213350,20
MSCC,$33.38,1439684213492,254742
MSTR,$218.8,1439684213513,35786
MSFT,$47.097,1439684213582,17606884
MVIS,$3.06,1439684213600,91614
MPB,$16.45,1439684213697,176
MCEP,$2.99,1439684213731,94434
MBRG,$18.34,1439684213754,444
MSEX,$23.24,1439684213972,14962
MBCN,$32,1439684213991,464
MDXG,$9.34,1439684214071,536378
MOFG,$31.47,1439684214085,4926
MNDO,$2.71,1439684214166,15234
MB,$12.33,1439684214193,74686
MRTX,$22.5,1439684214306,44163
MSON,$9.39,1439684214332,9611
NERV,$5.63,1439684214347,10366
MITK,$3.63,1439684214466,86363
MIND,$4.4,1439684214521,10282
MKSI,$35.44,1439684214552,149825
MITL,$7.96,1439684214570,385339
MMAC,$13.55,1439684214682,4875
MINI,$34.79,1439684214734,173048
MOCO,$13.81,1439684214890,2568
MOBL,$4.69,1439684214908,149762
MDSY,$1.55,1439684214928,3010
MLNK,$3.16,1439684214978,78706
MOKO,$3.65,1439684215000,2566
MOLG,$1.14,1439684215010,32416
MNTA,$21.67,1439684215038,356275
MOMO,$16.0127,1439684215245,139551
MNRK,$13.18,1439684215264,1563
MCRI,$18.56,1439684215283,24244
MDLZ,$46.49,1439684215401,5841138
MPWR,$50.89,1439684215415,95397
MGI,$10.14,1439684215451,78229
TYPE,$23.37,1439684215618,92662
MNRO,$66.33,1439684215637,51633
MRCC,$14.96,1439684215658,84357
MHGC,$5,1439684215688,109909
MORN,$84.3369,1439684215804,21319
MNST,$150.41,1439684215822,771064
MOSY,$1.49,1439684215869,22943
MPAA,$31.62,1439684215982,59232
MDM,$3.24,1439684216050,10397
MSBF,$11.66,1439684216132,24021
MRVC,$16.94,1439684216153,93134
MTSC,$64.82,1439684216222,46411
LABL,$68.81,1439684216301,25528
MYL,$54.4,1439684216397,4337802
MFSF,$23.96,1439684216445,678
MYOS,$3.04,1439684216511,922
MFLX,$18.09,1439684216528,69890
MYRG,$29.54,1439684216548,59287
NANO,$14.35,1439684216602,51664
MYGN,$33.863,1439684216616,295492
NSPH,$2.31,1439684216758,49296
NK,$22.58,1439684216870,314561
NSTG,$14.88,1439684216888,37087
NSSC,$5.95,1439684216898,5737
NATH,$36.3,1439684217022,16268
NTRA,$15.76,1439684217068,570618
NKSH,$31.97,1439684217151,5985
NAUH,$2.83,1439684217163,2442
NCMI,$14.7,1439684217228,115846
FIZZ,$25,1439684217247,27654
NCOM,$24.94,1439684217266,4096
NGHC,$19.76,1439684217399,803537
NGHCO,$24.98,1439684217490,38093
NGHCP,$24.9,1439684217545,7026
NHLD,$3.47,1439684217564,22934
NATL,$27.98,1439684217681,5169
NATI,$29.41,1439684217755,240809
NPBC,$10.95,1439684217770,268927
NRCIB,$33.55,1439684217887,103
NSEC,$13.24,1439684217909,6283
NWLI,$236.5,1439684217920,2194
NRCIA,$13.26,1439684217966,4734
NHTC,$30.23,1439684218034,87216
NAII,$5.94,1439684218055,286
NATR,$12.94,1439684218074,7351
BABY,$44.83,1439684218169,74251
NVSL,$10.75,1439684218266,358
NAVI,$14.763,1439684218307,2473868
NBTB,$26.75,1439684218399,50294
NCIT,$12.89,1439684218468,10873
NKTR,$11.21,1439684218542,596105
NEOG,$55,1439684218634,94110
NEON,$2.59,1439684218648,48216
NEO,$6.34,1439684218722,137032
NEOS,$20.63,1439684218777,39568
NVCN,$4.79,1439684218793,8924
NEOT,$12.37,1439684218811,40083
NRX,$4.04,1439684218920,12290
NEPT,$1.41,1439684218940,30893
UEPS,$20.4851,1439684218979,165985
NETE,$0.2113,1439684219096,1364843
NTAP,$30.75,1439684219172,1411573
NTES,$126.6,1439684219192,579096
NFLX,$123.16,1439684219275,5145488
NTWK,$5.32,1439684219378,12644
NLST,$0.42,1439684219403,111794
NTGR,$32.65,1439684219414,671595
NTCT,$41.16,1439684219442,433607
NBIX,$46.05,1439684219575,428805
NDRM,$22.23,1439684219611,148097
CUR,$1.32,1439684219675,206446
NURO,$0.96,1439684219728,59744
NYMT,$6.63,1439684219768,534016
NYMTP,$22.22,1439684219869,1799
NYMTO,$20.905,1439684219889,6940
NLNK,$46.35,1439684220071,274243
NEWP,$15.98,1439684220106,62526
NBBC,$8.28,1439684220142,24299
NWS,$14.915,1439684220168,792845
NEWS,$11.7,1439684220219,17777
NWSA,$15.2155,1439684220254,2564698
NEWT,$18.31,1439684220296,36739
NXST,$52.87,1439684220409,272036
NVET,$4.65,1439684220479,5602
NICE,$66.8039,1439684220563,40079
NFEC,$1.16,1439684220582,4411
EGOV,$20,1439684220632,116276
NICK,$13.1,1439684220754,3507
NIHD,$9.12,1439684220823,24048
NVLS,$17.24,1439684220833,172350
NDLS,$12.76,1439684220948,178667
NMIH,$8.85,1439684220964,73783
NDSN,$74.11,1439684221003,153591
NSYS,$4.33,1439684221063,6
NNBR,$24.35,1439684221075,103194
NTK,$74.63,1439684221267,27193
NBN,$10.79,1439684221326,6858
NECB,$7.9,1439684221428,11820
NTRS,$77.7155,1439684221475,563135
NTIC,$15.96,1439684221518,834
NTRSP,$25.76,1439684221717,8592
NFBK,$15.29,1439684221727,140164
NWBOW,$5.84,1439684221751,230
NRIM,$26.78,1439684221761,12887
NWBO,$9.57,1439684221833,359340
NWBI,$12.838,1439684221848,2050742
NCLH,$59.4,1439684221865,391085
NWPX,$17.48,1439684221920,18258
NWFL,$29.4,1439684222062,16
NVFY,$2.53,1439684222135,49232
NVMI,$12.15,1439684222234,7346
NVDQ,$11.64,1439684222402,209294
MIFI,$2.55,1439684222469,192180
NVGN,$3.11,1439684222518,187261
NVAX,$13.34,1439684222536,3037570
NTLS,$9.23,1439684222575,587474
NUAN,$18.375,1439684222650,542697
NTRI,$29.71,1439684222683,90620
NMRX,$8.51,1439684222780,4465
NUVA,$53.07,1439684222841,165730
NUTR,$24.09,1439684222903,13181
NVEE,$24.63,1439684222923,36115
QQQX,$19.01,1439684223104,48586
NVEC,$56.24,1439684223294,4562
NVDA,$23.58,1439684223396,3026317
NXTDW,$0.6,1439684223447,501
NXTM,$18.27,1439684223465,204806
NXTD,$1.48,1439684223515,48073
OCAT,$3.1,1439684223562,291983
NXPI,$91.7,1439684223581,1574013
OBCI,$2.8,1439684223684,64545
OVLY,$9.75,1439684223771,56
OIIM,$2.37,1439684223781,16522
NYMX,$2.54,1439684223862,322384
OPTT,$0.52,1439684223915,10360
OCFC,$18.94,1439684223966,33182
ORIG,$3.37,1439684224035,393368
OSHC,$15.11,1439684224046,4525
OCRX,$3.92,1439684224273,19201
OCLR,$2.8,1439684224366,866493
OCUL,$18.82,1439684224391,359491
OCLS,$1.2,1439684224456,299748
ODP,$7.76,1439684224538,2355893
OMEX,$0.362,1439684224594,69451
OCLSW,$0.32,1439684224700,28040
OVBC,$23.2,1439684224733,574
OFS,$11.25,1439684224791,20002
OHAI,$4.99,1439684224813,18300
OHRP,$2.84,1439684224841,299965
ODFL,$73.14,1439684224912,123728
OLBK,$15.75,1439684224983,8647
ONB,$14.76,1439684225076,410470
OSBC,$6.22,1439684225195,20646
OPOF,$15.78,1439684225216,449
OSBCP,$9.95,1439684225266,3112
OLLI,$19.91,1439684225324,77551
ZEUS,$12.91,1439684225382,40454
OMCL,$36.28,1439684225421,82193
OMER,$13.5,1439684225466,914477
ON,$9.76,1439684225555,1810505
OFLX,$32.83,1439684225581,2091
OTIV,$1.02,1439684225702,95750
OGXI,$2.97,1439684225772,631326
ONCY,$0.54,1439684225824,59396
OMED,$21.11,1439684225891,65447
ONTX,$2.4415,1439684225939,8789272
ONTY,$3.15,1439684226131,578374
ONCS,$5.96,1439684226153,35662
OHGI,$1.47,1439684226174,556547
OVTI,$24.95,1439684226192,273769
ONVI,$4.17,1439684226232,1048
ONFC,$20.48,1439684226252,1825
OTEX,$45.87,1439684226323,71723
OPXA,$0.39,1439684226373,191485
OPXAW,$0.09,1439684226542,300
OPGN,$2.49,1439684226561,2614
OPGNW,$0.5,1439684226603,2000
OPHT,$51.02,1439684226735,217949
OCC,$3.58,1439684226856,38
ORMP,$6.25,1439684226937,22354
OSUR,$5.45,1439684226955,242718
OPB,$37.85,1439684226975,43261
ORBC,$5.84,1439684227046,103675
ORLY,$254.37,1439684227090,288351
OREX,$3.5,1439684227250,1118504
ORBK,$18.23,1439684227303,52341
OESX,$2.06,1439684227324,16777
SEED,$1.3,1439684227373,111529
ORIT,$15.59,1439684227457,80117
ORRF,$17.48,1439684227518,2976
OSIS,$70.26,1439684227643,62629
OFIX,$38.95,1439684227658,45583
OSIR,$17.26,1439684227960,209094
OSN,$0.8101,1439684227979,7600
OTIC,$22.64,1439684228002,111912
OUTR,$64.6,1439684228068,133722
OTTR,$27.82,1439684228086,73603
OVAS,$23,1439684228132,464066
OTEL,$5.3,1439684228153,3091
OSTK,$21.3,1439684228201,42854
OXBR,$6.4,1439684228454,2570
OXFD,$13.41,1439684228486,27250
OXLCN,$25.41,1439684228532,4470
OXLC,$13.85,1439684228586,34139
OXLCO,$24.08,1439684228648,10567
OXGN,$1.39,1439684228667,164685
PFIN,$9.95,1439684228682,9357
PACB,$4.52,1439684228871,237591
PCAR,$62.92,1439684228888,756981
PDVW,$34.13,1439684229000,161002
PCBK,$13.32,1439684229040,13805
PEIX,$7.74,1439684229068,344179
PTSI,$46.41,1439684229082,5391
PMBC,$7.24,1439684229099,408
PPBI,$20.09,1439684229214,42236
PSUN,$0.4573,1439684229320,539196
PTIE,$1.78,1439684229395,31834
PLMT,$19.818,1439684229467,5611
PCRX,$60.94,1439684229485,225251
PACW,$46.5593,1439684229502,195063
PNRA,$195.6,1439684229565,234603
PAAS,$6.92,1439684229601,1238731
PANL,$3.31,1439684229691,8222
PRGN,$0.8485,1439684229819,6660
PZZA,$72.48,1439684229836,83746
PRGNL,$11.66,1439684229981,500
PCYG,$12.42,1439684230027,27297
FRSH,$14.93,1439684230045,217106
PRTK,$24.48,1439684230088,30855
PRXL,$68.08,1439684230108,312001
PSTB,$7.05,1439684230208,25119
PKBK,$12.68,1439684230306,2078
PRKR,$0.27,1439684230370,332486
PARN,$4.62,1439684230388,3000
PKOH,$42.36,1439684230426,21513
PTNR,$4.43,1439684230454,11638
PBHC,$11.49,1439684230559,473
PATK,$39.24,1439684230595,49595
PNBK,$17.95,1439684230740,2
PATI,$22.04,1439684230760,218
PDCO,$49.79,1439684230811,231806
PEGI,$22.83,1439684230829,495747
PAYX,$48.17,1439684230883,994047
PTEN,$16.73,1439684230932,2529835
PCTY,$34.77,1439684231054,335193
PYDS,$4.75,1439684231074,15613
PYPL,$38.12,1439684231154,4262303
PCCC,$21.61,1439684231176,11770
PDCE,$55.79,1439684231290,492454
PCTI,$6.08,1439684231308,33796
PCMI,$10.22,1439684231458,3482
PDLI,$5.88,1439684231605,1262616
SKIS,$7.13,1439684231615,10792
PDII,$2,1439684231637,208389
PDFS,$13.44,1439684231676,53197
PEGA,$26.8,1439684231832,148462
PGC,$21.28,1439684231854,20940
PCO,$1.49,1439684231865,148878
PENN,$18.61,1439684231964,396977
PNNT,$7.8134,1439684232113,182489
PFLT,$12.89,1439684232139,68867
PWOD,$42.54,1439684232153,2061
PEBO,$21.79,1439684232217,34120
PTXP,$18.74,1439684232357,116608
PEBK,$19.49,1439684232419,1883
PFBX,$9.75,1439684232471,2716
PFIS,$37.55,1439684232493,4461
PBCT,$16.4733,1439684232575,1526438
PUB,$17.58,1439684232598,6194
PRCP,$10.24,1439684232608,7780
PPHM,$1.16,1439684232751,323135
PFMT,$2.82,1439684232828,20973
PRFT,$16.49,1439684232856,77970
PERF,$5.59,1439684232970,140
PSEM,$12.62,1439684232980,55601
PERI,$2.51,1439684233101,48698
PESI,$3.73,1439684233183,7788
PTX,$4.7,1439684233289,1593285
PRSN,$0.549,1439684233312,45981
PERY,$23.46,1439684233384,26703
PRSNW,$0.14,1439684233409,4000
PETS,$16.85,1439684233473,126066
PFSW,$13.18,1439684233579,75230
PGLC,$5.48,1439684233617,16132
PGTI,$13.1616,1439684233691,178074
PHIIK,$27.37,1439684233763,14200
PAHC,$37.19,1439684233810,49078
PLAB,$7.89,1439684233919,169254
PICO,$12.8,1439684233998,60527
PHMD,$1.06,1439684234012,29460
PPC,$22.82,1439684234184,741433
PIRS,$3.49,1439684234229,240564
PME,$1.25,1439684234252,2614
PNFP,$52.19,1439684234303,132858
PPSI,$6.5,1439684234347,2300
PXLW,$4.83,1439684234413,187821
PLNR,$5.9537,1439684234430,562812
PLPM,$2.87,1439684234551,154019
PLXS,$38.33,1439684234589,102323
PLUG,$2.29,1439684234606,1066073
PLBC,$9.305,1439684234743,1036
PMCS,$6.47,1439684234761,627481
PSTI,$2.19,1439684234858,32270
PMFG,$6.61,1439684234875,42454
PBSK,$15.77,1439684235060,10323
PNTR,$6.1,1439684235107,7285
PBCP,$12.35,1439684235209,132
PCOM,$9.82,1439684235262,10630
PLCM,$11.24,1439684235279,507034
POPE,$66.28,1439684235366,490
PLKI,$56.92,1439684235423,76048
BPOP,$31.1062,1439684235433,262331
POOL,$71.5214,1439684235454,116580
PTLA,$47.97,1439684235638,284951
BPOPN,$20.2622,1439684235658,3287
PBIB,$1.63,1439684235674,33805
PSTR,$1.7,1439684235845,25663
PBPB,$12.26,1439684235861,142273
PCH,$35.87,1439684235936,78558
PSIX,$32.04,1439684236041,48989
POWI,$39.21,1439684236068,76225
POWL,$27.61,1439684236128,33776
PDBC,$17.82,1439684236225,593
PAGG,$27.85,1439684236251,4761
PRFZ,$100.33,1439684236329,16113
LDRI,$25.1,1439684236378,5848
IPKW,$27.25,1439684236400,5530
LALT,$22.87,1439684236418,1266
QQQ,$110.66,1439684236610,7558703
PSCD,$52.5,1439684236712,3061
PSAU,$12.56,1439684236722,12585
PNQI,$75.56,1439684236834,7473
PSCC,$55.04,1439684236858,732
PSCF,$42.38,1439684236945,1253
PSCE,$20,1439684236959,1860
PSCH,$73.4,1439684237115,9399
PSCM,$36.0801,1439684237172,500
PRAA,$57.71,1439684237202,244757
PSCT,$50.56,1439684237213,4753
PSCU,$38.1975,1439684237230,1900
POZN,$9.05,1439684237370,359924
PRAH,$41.12,1439684237390,36708
PRAN,$1.12,1439684237534,48684
PLPC,$33.98,1439684237660,17118
PFBC,$31.57,1439684237677,14434
PFBI,$14.94,1439684237742,1118
PINC,$36.6342,1439684237764,63282
PRGX,$4,1439684237825,84576
LENS,$6.78,1439684237845,588
PRXI,$2.49,1439684237922,11329
PBMD,$1.47,1439684238012,13182151
PNRG,$56.7,1439684238029,4
PSMT,$94.83,1439684238083,65750
PRMW,$6.51,1439684238106,104163
PVTB,$41.13,1439684238192,209414
PRIM,$18,1439684238328,108446
PDEX,$2.32,1439684238450,2033
PGNX,$8.2,1439684238491,561394
PFIE,$0.95,1439684238510,371619
IPDN,$0.99,1439684238552,43131
PVTBP,$26.84,1439684238576,2778
PRGS,$29.31,1439684238597,68184
DNAI,$25.38,1439684238725,130635
PFPT,$63.35,1439684238736,168126
PRPH,$1.49,1439684238845,15366
PRQR,$16.34,1439684238942,13074
BIB,$87.5,1439684238962,301002
TQQQ,$116.1,1439684238972,1539646
UBIO,$16.72,1439684238989,116133
ZBIO,$22.04,1439684239127,8970
SQQQ,$22.2,1439684239204,4056506
BIS,$28.83,1439684239250,421693
PRTA,$60.91,1439684239341,156694
PSEC,$7.4,1439684239351,1435355
PVBC,$12.8,1439684239405,15668
PWX,$16,1439684239425,1112
PRTO,$13.23,1439684239443,26882
PROV,$16.46,1439684239619,5657
PSBH,$8.01,1439684239685,2240
PSDV,$4.05,1439684239720,29628
PBIP,$14.4,1439684239812,9044
PTC,$35.93,1439684239869,245550
PMD,$12.5,1439684239901,8402
PTCT,$37.25,1439684239915,359722
PULB,$13.38,1439684240038,426
QADA,$25.25,1439684240137,10363
PULM,$5.56,1439684240165,9762
PCYO,$4.58,1439684240181,12001
QCCO,$1.85,1439684240298,5281
QCRH,$21.49,1439684240356,6981
QIWI,$28.34,1439684240425,269647
QGEN,$27.72,1439684240468,206795
QLIK,$41.92,1439684240549,733022
QKLS,$1.6401,1439684240569,1500
QLGC,$9.36,1439684240613,345551
QLTI,$3.5,1439684240711,40890
QCOM,$61.91,1439684240784,5456904
QLTY,$15.95,1439684240800,334760
QRVO,$58.24,1439684240818,1106520
QSII,$12.9,1439684240885,144813
QBAK,$1.06,1439684240920,172
QLYS,$31.87,1439684241011,344608
QTWW,$1.57,1439684241029,55406
QRHC,$0.85,1439684241136,81848
QDEL,$21.02,1439684241292,66052
QUIK,$1.46,1439684241314,31646
QPACW,$0.35,1439684241497,10000
QUNR,$38.4747,1439684241515,390361
QUMU,$4.35,1439684241548,1260
QNST,$4.99,1439684241634,217593
QTNT,$16.39,1439684241655,2877
RRD,$16.05,1439684241724,1010719
RADA,$1.1,1439684241762,185020
RDCM,$10.5,1439684241877,42794
ROIA,$2.34,1439684242009,200
ROIAK,$2.5,1439684242027,22543
RSYS,$2.7,1439684242074,53142
RDUS,$66.86,1439684242122,624770
RDNT,$7.63,1439684242138,107478
RDWR,$19.48,1439684242170,77977
RMBS,$13.45,1439684242211,200537
RAND,$3.92,1439684242350,2325
RLOG,$2.62,1439684242369,542
GOLD,$62.07,1439684242445,226893
RAVE,$11.57,1439684242517,22963
RPD,$21.96,1439684242527,57190
RAVN,$18.52,1439684242589,68809
RPTP,$13.24,1439684242606,367877
ROLL,$67.47,1439684242702,102841
RCMT,$4.62,1439684242848,5296
RICK,$11.17,1439684242903,5755
RDI,$13.14,1439684242939,48777
RGSE,$1.39,1439684242957,311591
RDIB,$15.6,1439684243007,152
RLOC,$2.81,1439684243050,11186
RELY,$10.81,1439684243121,175136
RNWK,$4.25,1439684243231,92389
RCPT,$231.4,1439684243353,296360
RP,$19.31,1439684243386,70661
DAX,$26.44,1439684243424,1834
QYLD,$23.6,1439684243497,6383
RCON,$1.42,1439684243649,2572
REPH,$13.74,1439684243686,25646
RDHL,$13.8,1439684243739,21085
REDF,$1.6888,1439684243756,5883
RRGB,$83.74,1439684243777,173086
REGN,$577,1439684243799,254577
RGLS,$7.3,1439684243832,353479
REIS,$24.99,1439684243944,11389
RELV,$0.99,1439684244142,73912
MARK,$4.07,1439684244227,5285
RLYP,$24.89,1439684244237,485727
REMY,$29.38,1439684244287,73815
RNST,$32.32,1439684244356,77043
RTK,$0.7251,1439684244415,512704
REGI,$9.7,1439684244449,170901
RCII,$27.42,1439684244551,257425
RENT,$50.25,1439684244565,267551
RGEN,$34.78,1439684244612,128107
RPRX,$8.31,1439684244672,122307
RJET,$3.85,1439684244741,543617
RBCAA,$25.14,1439684244763,11003
FRBK,$3.63,1439684245053,28750
RESN,$4.3,1439684245152,19626
REFR,$5.4,1439684245172,2722
ROIC,$17.1334,1439684245250,295594
SALE,$9.36,1439684245275,278664
RECN,$16.77,1439684245288,102459
REXI,$7.78,1439684245306,927375
RTRX,$29.58,1439684245406,327495
RVLT,$1.12,1439684245448,64023
RFIL,$4.14,1439684245621,4147
RVNC,$30.25,1439684245631,130181
REXX,$3.35,1439684245668,1895493
RWLK,$9.49,1439684245683,23049
RGCO,$20.38,1439684245756,1314
RIBT,$2.8,1439684245906,19391
NAME,$6.98,1439684246104,8323
RNET,$27.78,1439684246155,125265
RIGL,$2.74,1439684246167,252892
RITTW,$0.29,1439684246190,8500
RELL,$5.5,1439684246215,182682
RITT,$1.51,1439684246287,128453
RTTR,$3.18,1439684246480,6860
RVSB,$4.41,1439684246512,27426
RIVR,$22.75,1439684246546,428
RLJE,$0.43,1439684246617,7991
ROBO,$24.47,1439684246679,3015
RCPI,$0.93,1439684246753,63999
RMGN,$0.932,1439684246858,19150
FUEL,$6.89,1439684246876,169813
RCKY,$18.32,1439684246927,24139
RMTI,$12.65,1439684247015,850825
RSTI,$25.49,1439684247128,62655
ROIQ,$10.02,1439684247153,160554
RMCF,$12.4,1439684247188,8661
ROIQW,$0.3552,1439684247251,1700
ROKA,$2.58,1439684247360,34014
ROSG,$2.61,1439684247401,48246
ROST,$53.99,1439684247538,1867838
ROYL,$0.7569,1439684247634,19064
ROVI,$11.79,1439684247669,998929
RBPAA,$2.1,1439684247691,658
RGLD,$53.11,1439684247702,222685
RPXC,$15.18,1439684247746,93567
RRM,$6.76,1439684247838,800
RTIX,$6.52,1439684247896,122415
RBCN,$1.53,1439684247993,40199
RUSHB,$23.04,1439684248057,2666
RUSHA,$25.79,1439684248111,109524
RUTH,$16.72,1439684248137,52833
RXII,$0.3889,1439684248149,419972
RYAAY,$75.3137,1439684248241,160326
STBA,$30.74,1439684248320,38636
SANW,$4.55,1439684248381,5578
SBRAP,$25.8855,1439684248527,700
SBRA,$25.9452,1439684248537,172846
SABR,$28.3676,1439684248555,2623922
SAFT,$55.78,1439684248590,24091
SAEX,$3.34,1439684248679,7751
SAGE,$58.63,1439684248771,324825
SAJA,$5.1,1439684248886,60
SGNT,$19.68,1439684248900,214715
SAIA,$41.57,1439684248939,79029
SALM,$6.07,1439684248949,19129
SNDK,$57.8,1439684249028,1192523
SAFM,$74.93,1439684249051,139450
SAL,$29.28,1439684249065,410
SANM,$21.35,1439684249268,191905
SASR,$27.18,1439684249309,99422
SGMO,$8.75,1439684249324,573272
GCVRZ,$0.202,1439684249424,67822
SPNS,$12.19,1439684249503,20926
SBFG,$11,1439684249521,140
SRPT,$35.4501,1439684249539,904073
SMIT,$2.9,1439684249688,1618
SCSC,$36.53,1439684249785,69420
SBAC,$126.8146,1439684249801,353088
SCHL,$43.08,1439684249968,134484
SCHN,$16.65,1439684250035,222301
SGMS,$12.05,1439684250079,432390
SCLN,$8.17,1439684250095,305498
SQI,$12.2,1439684250129,78456
SCYX,$6.89,1439684250219,6012
SEAC,$6.29,1439684250239,58032
SBCF,$15.56,1439684250373,106657
SHIP,$0.8,1439684250453,6100
STX,$52.05,1439684250469,2576606
SRSC,$5.9,1439684250567,7479
SHLD,$25.18,1439684250577,374714
SHLDW,$15,1439684250667,108827
SHOS,$7.14,1439684250707,57913
SPNE,$14.9,1439684250779,70281
EYES,$12.61,1439684250801,118921
SGEN,$44,1439684250826,463049
SLCT,$7.99,1439684251071,2486
SNFCA,$8,1439684251088,10232
SEIC,$54.801,1439684251136,230130
SLTC,$4.05,1439684251208,4442
SCSS,$25.78,1439684251268,161890
SIGI,$32.12,1439684251282,157314
LEDS,$0.47,1439684251396,20557
SMLR,$3.25,1439684251421,400
SMTC,$17.13,1439684251507,311454
SENEA,$29.24,1439684251524,11306
SNMX,$6.99,1439684251578,188054
SQBG,$16.52,1439684251707,74924
SQNM,$2.275,1439684251763,498635
SREV,$5.71,1439684251889,353002
MCRB,$38.97,1439684251929,99857
SFBS,$39.15,1439684252004,22990
SFXE,$1.38,1439684252148,2556330
GAME,$6.79,1439684252179,11999
SGOC,$0.46,1439684252200,15425
SVBI,$4.95,1439684252222,30
SMED,$6.8,1439684252265,22485
SHLO,$12.12,1439684252364,12100
SHEN,$41.79,1439684252375,45246
SHPG,$243.9101,1439684252418,86633
SCVL,$27.95,1439684252570,26426
SHBI,$9.77,1439684252648,626
SHOR,$7.5,1439684252671,151475
SFLY,$40.73,1439684252743,147594
SIFI,$11.66,1439684252778,1410
SIEN,$25.01,1439684252795,9444
SIEB,$1.49,1439684252813,203
BSRR,$17.23,1439684252901,8970
SIFY,$1.26,1439684253010,8694
SIGM,$9.84,1439684253033,168316
SWIR,$25.73,1439684253047,299817
SIAL,$139.65,1439684253108,461848
SGNL,$1.45,1439684253152,135549
SGMA,$5.59,1439684253177,6889
SBNY,$143.3287,1439684253211,102632
SLGN,$55.16,1439684253470,60146
SILC,$27,1439684253508,3216
SLAB,$43.79,1439684253548,111897
SGI,$5.33,1439684253567,150017
SIMO,$23.8568,1439684253653,408875
SPIL,$5.52,1439684253668,322412
SSRI,$6.39,1439684253688,822390
SAMG,$13.4,1439684253864,3624
SLP,$6.32,1439684253914,7684
SFNC,$44.87,1439684253928,68301
SBGI,$28.36,1439684253965,645485
SINA,$39.977,1439684253985,401302
SMAC,$9.9499,1439684254004,450
SMACR,$0.85,1439684254343,300
SVA,$5.81,1439684254365,35905
SINO,$1.17,1439684254378,2020
SIRI,$3.92,1439684254400,17053902
SIRO,$101.48,1439684254418,93925
SITO,$3.76,1439684254584,21057
SKUL,$7.36,1439684254628,92569
MOBI,$4.04,1439684254718,129621
SKBI,$1.54,1439684254736,1759
SPU,$1.03,1439684254767,87671
SKYW,$17.45,1439684254785,259590
SZMK,$6.27,1439684254864,400194
SWKS,$88.7,1439684254957,1554063
ISM,$22.88,1439684255011,820
OSM,$23.66,1439684255266,3450
SLM,$8.9318,1439684255282,1415944
JSM,$20.12,1439684255302,13423
SLMBP,$55.58,1439684255351,790
SMT,$0.69,1439684255391,27125
SPRO,$2.05,1439684255428,5040
SMSI,$0.84,1439684255483,25746
SLMAP,$48.05,1439684255525,300
SWHC,$17.07,1439684255629,287245
SMTX,$1.54,1439684255649,13750
SMTP,$5.4,1439684255678,6715
LNCE,$34.25,1439684255798,89307
SODA,$16.0052,1439684255813,102242
SOHU,$50.25,1439684255873,251541
SLTD,$3.62,1439684256059,119033
SUNS,$15.26,1439684256130,7154
SLRC,$18.37,1439684256194,119796
SEDG,$27.25,1439684256209,544919
SCTY,$49,1439684256219,1186878
SONC,$29.01,1439684256269,396031
SOFO,$6.49,1439684256292,14724
SZYM,$2.21,1439684256358,231417
SONS,$7.54,1439684256398,220354
SPHS,$0.94,1439684256552,491980
SORL,$2.05,1439684256610,86753
SOHO,$6.84,1439684256628,12970
SRNE,$14.76,1439684256862,400733
SOHOM,$25.85,1439684256961,600
SSB,$77.55,1439684256977,45072
SFBC,$20.15,1439684257002,224
SOCB,$12.88,1439684257120,231572
SFST,$21.21,1439684257167,72
SMBC,$19.65,1439684257210,1554
SONA,$11.49,1439684257230,1800
SBSI,$27.88,1439684257367,48238
OKSB,$17.51,1439684257384,16532
SP,$25.08,1439684257405,24188
SBSA,$6.47,1439684257466,15
SPAN,$19.26,1439684257487,196
SPKE,$16.48,1439684257652,22482
SGRP,$1.38,1439684257741,958
SPTN,$33.58,1439684257825,68138
ONCE,$45.8,1439684257859,483419
SPAR,$4.68,1439684257877,15308
SPDC,$0.2056,1439684257892,209812
SPPI,$6.95,1439684257944,2264801
ANY,$3.23,1439684257986,1142302
SAVE,$60.27,1439684258059,255660
SPEX,$0.238,1439684258167,70337
SPOK,$16.81,1439684258187,36212
FUND,$6.57,1439684258355,15983
SPLK,$69.78,1439684258376,426113
SPWH,$12.26,1439684258392,64084
SFM,$21.02,1439684258401,764478
SQBK,$27.58,1439684258576,22479
SPSC,$71.37,1439684258667,36316
STMP,$86.12,1439684258724,115435
SSNC,$68.81,1439684258743,48859
STLY,$3.02,1439684258760,230
STAA,$7.75,1439684258784,79279
SBLK,$2.55,1439684258848,285849
SPLS,$14.23,1439684258863,2307746
SBUX,$57.1,1439684259031,3265874
SBLKL,$21,1439684259048,12390
STRZA,$37.07,1439684259214,230793
SIBC,$21.19,1439684259346,814
STFC,$23.79,1439684259364,14209
STBZ,$20.07,1439684259382,33137
SNC,$10.4,1439684259399,26422
GASS,$5.01,1439684259443,20266
SXCL,$20.75,1439684259549,1683
STLD,$20.3557,1439684259589,1199391
STDY,$4.83,1439684259676,36506
STNR,$58.39,1439684259693,63135
SMRT,$10.33,1439684259713,49938
STML,$10.04,1439684259852,49142
STEM,$0.425,1439684259946,147185
SRCL,$145.53,1439684260238,205603
STRL,$5.24,1439684260263,124324
STXS,$0.94,1439684260280,24004
SSFN,$6.15,1439684260290,22
STCK,$19.16,1439684260317,17053
SYBT,$37.05,1439684260329,40545
BANX,$16.64,1439684260428,13926
SHOO,$40.0752,1439684260445,381169
SGBK,$31,1439684260592,10750
STRS,$16.45,1439684260647,2450
SSYS,$31.41,1439684260671,593016
STRT,$67.67,1439684260689,3649
STRA,$54.02,1439684260861,45224
SCMP,$23.66,1439684260929,511370
STRM,$2.76,1439684260963,5441
STB,$4.15,1439684260991,71174
SUBK,$27.66,1439684261039,18932
SMMF,$12.37,1439684261050,2482
SUMR,$1.85,1439684261203,1425
SMMT,$12.75,1439684261222,4677
SSBI,$13.37,1439684261483,632
SNBC,$19.76,1439684261501,4291
SEMI,$12.95,1439684261518,308915
SNSS,$1.175,1439684261608,477317
SNHY,$33.44,1439684261618,32923
GOMO,$4.7,1439684261802,2569
SPWR,$25.6699,1439684261843,978943
RUN,$10.04,1439684261861,256487
SSH,$2.76,1439684261967,19542
SBCP,$14.39,1439684262075,5538
STKL,$9.615,1439684262085,249227
SMCI,$27.55,1439684262113,316279
SCON,$0.98,1439684262127,46374
SPCB,$11.18,1439684262379,63237
SGC,$17.16,1439684262530,21322
SUPN,$17.44,1439684262540,543972
SPRT,$1.22,1439684262685,15810
SRDX,$23.14,1439684262695,33017
SCAI,$38.04,1439684262716,408239
TOR,$1.27,1439684262822,800
SBBX,$12.41,1439684262861,2436
SIVBO,$25.58,1439684262998,2
SWSH,$1.49,1439684263008,667485
SYMC,$21.6,1439684263029,3054197
SYKE,$25.5,1439684263054,218067
SIVB,$140.7681,1439684263087,139672
SYNC,$1.65,1439684263181,31389
SSRG,$8.55,1439684263329,2911
SYNL,$12.11,1439684263499,2004
SYNA,$72.57,1439684263647,406817
SGYPW,$3.4,1439684263700,8662
SGYP,$7.85,1439684263720,1587469
SNCR,$46.94,1439684263754,149842
SNTA,$2.09,1439684263798,481306
SURG,$4.48,1439684263965,13798
SYMX,$1.06,1439684264059,167635
ELOS,$10.18,1439684264074,34878
SNPS,$51.64,1439684264117,457572
SYUT,$6.18,1439684264269,42678
SYNT,$43.86,1439684264291,72611
SYPR,$1.41,1439684264301,40155
SYRX,$1.44,1439684264341,5750
TROW,$76.0852,1439684264663,502690
TTOO,$12.99,1439684264685,45729
TLMR,$16.12,1439684264702,116300
TAIT,$0.97,1439684264712,236
TNDM,$12.4119,1439684264734,46764
TNGO,$8.03,1439684264958,131697
TTWO,$30.7163,1439684264970,899488
TLF,$7.99,1439684264992,20823
TANH,$23.21,1439684265115,43342
TEDU,$12.7739,1439684265272,91619
TRGT,$2.41,1439684265324,100
TASR,$23.97,1439684265357,651794
TATT,$7.1252,1439684265404,300
TEAR,$2.83,1439684265427,33489
TCPC,$15.67,1439684265438,93336
TAYD,$12.89,1439684265457,28
TCCO,$3.14,1439684265692,2076
TECD,$58.92,1439684265747,131809
TGLS,$14.09,1439684265762,55939
TTGT,$10.03,1439684265910,41012
TGEN,$3.9,1439684265921,6895
TECU,$4.97,1439684265940,21624
TSYS,$3.43,1439684265967,56760
TNAV,$7.29,1439684266232,74836
TERP,$25.5,1439684266309,1118086
TTEC,$28.81,1439684266416,31659
GLBL,$10.56,1439684266427,524332
TENX,$3.69,1439684266544,5993
TBNK,$25.922,1439684266837,15330
TESO,$8.76,1439684266875,168790
TESS,$23.24,1439684266920,4239
TSLA,$243.3,1439684267008,2143845
TTEK,$27.11,1439684267028,396026
TSRO,$50.68,1439684267042,193693
TSRA,$34.58,1439684267168,208569
TLOG,$2.49,1439684267186,12354
TTPH,$43.31,1439684267289,162880
TCBIL,$25.4,1439684267346,616
TCBI,$57.23,1439684267473,121234
TXN,$50.64,1439684267526,3460146
TXRH,$38.76,1439684267552,233201
TCBIP,$25.59,1439684267566,2453
TFSL,$17.5735,1439684267785,149084
TGTX,$15.29,1439684267827,291845
CG,$24.79,1439684267918,509133
ANDE,$38.07,1439684267937,71805
TBBK,$7.94,1439684267955,42357
ABCO,$50.37,1439684267970,152230
BONT,$3.99,1439684268114,72216
CHEF,$16.84,1439684268177,54474
CAKE,$57.1,1439684268195,178938
DSGX,$17.13,1439684268293,3706
DXYN,$11.19,1439684268425,36155
TCFC,$22.87,1439684268443,792
ENSG,$48.42,1439684268463,72224
FINL,$28.0625,1439684268508,430554
XONE,$7.61,1439684268525,100966
FLIC,$26.76,1439684268733,7498
GT,$31.95,1439684268868,1767516
TFM,$29.61,1439684268891,391761
HABT,$26.04,1439684268913,422011
HAIN,$68.3118,1439684268936,434260
FBMS,$17.5,1439684268946,1244
HCKT,$14.89,1439684269057,148744
CUBA,$9.33,1439684269140,130451
JYNT,$8.88,1439684269311,3092
INTG,$30.47,1439684269340,487
KEYW,$7.8,1439684269354,126106
MDCO,$30.27,1439684269375,766105
KHC,$76.38,1439684269406,2083863
MSG,$77.03,1439684269442,240208
MIK,$25.5769,1439684269473,180157
NDAQ,$53.5399,1439684269719,570934
MIDD,$120.3156,1439684269733,239499
STKS,$3.6,1439684269753,561
NAVG,$78.75,1439684269914,13395
SPNC,$15.83,1439684269988,503643
PRSC,$46.81,1439684270007,42143
PCLN,$1285.21,1439684270046,341786
YORW,$21.22,1439684270216,15834
THRX,$13.74,1439684270248,157050
ULTI,$191.18,1439684270268,104629
TST,$1.765,1439684270324,37701
TBPH,$11.94,1439684270372,252937
TCRD,$12.21,1439684270535,52552
THOR,$63.25,1439684270586,158831
THLD,$4.2,1439684270641,535575
TICC,$6.64,1439684270696,105526
THTI,$0.57,1439684270713,12710
TTS,$14,1439684270874,105710
TIL,$3.75,1439684270932,7325
TIGR,$0.3229,1439684270948,2240
TIPT,$5.84,1439684271010,15161
TITN,$14.19,1439684271059,46870
TIVO,$9.4789,1439684271073,424748
TSBK,$10.87,1439684271116,3081
TBRA,$13.56,1439684271188,14152
TNXP,$6.95,1439684271358,224866
TKAI,$12.67,1439684271407,47623
TOPS,$1.1,1439684271484,36046
TISA,$3.96,1439684271502,27471
TRCH,$1,1439684271539,223373
TRNX,$24.1,1439684271592,64997
TSEM,$13.92,1439684271668,209527
TWER,$1.98,1439684271791,45603
TW,$125.48,1439684271801,237753
TOWN,$18.43,1439684271851,79086
TCON,$11.8,1439684271878,10919
TSCO,$93.1,1439684271896,352059
CLUB,$2.02,1439684271950,46706
TSRE,$7,1439684271960,21778
TWMC,$3.59,1439684272125,1392
TACT,$8,1439684272289,3052
TBIO,$1.25,1439684272366,109617
TRNS,$8.99,1439684272400,408
TTHI,$2.87,1439684272419,434735
TGA,$2.95,1439684272519,85677
TZOO,$8.79,1439684272561,29617
TRS,$17.29,1439684272575,108198
TRIL,$19.24,1439684272595,54111
TRVN,$6.5,1439684272690,201934
TRIB,$16.2585,1439684272765,38908
TCBK,$25.31,1439684272785,30709
TSC,$12.23,1439684272929,17219
TRIP,$72.49,1439684272950,606386
TRMB,$19.99,1439684272960,752300
TBK,$14.29,1439684272983,38712
TRIV,$5.49,1439684273194,8720
TROV,$6.1,1439684273282,474380
TRUE,$5.41,1439684273559,612321
TRMK,$24.04,1439684273674,117391
TRST,$6.18,1439684273696,209623
TSRI,$4.49,1439684273706,6594
TTMI,$7.62,1439684273727,567449
THST,$2.7464,1439684273744,300
TUBE,$11.27,1439684273851,158280
TUES,$9.46,1439684274021,135053
HEAR,$2.25,1439684274049,19087
TOUR,$15.7144,1439684274103,148012
TUTI,$24.24,1439684274207,100
TCX,$24.9828,1439684274252,54442
TUTT,$24.24,1439684274263,100
FOX,$29.7023,1439684274336,1931403
FOXA,$30.31,1439684274358,12242120
TRCB,$9.13,1439684274450,31
TWIN,$14.69,1439684274512,23957
USCR,$56.45,1439684274567,90570
USEG,$0.629,1439684274770,39201
GROW,$2.35,1439684274785,278
UFPT,$21.69,1439684274888,3150
UBNT,$32.71,1439684274921,144352
UCTT,$7.45,1439684274994,76195
ULTA,$171.04,1439684275041,245485
PRTS,$2.24,1439684275086,2673
RARE,$110.51,1439684275227,238903
ULBI,$4.5,1439684275245,3923
UTEK,$16.65,1439684275280,202163
ULTR,$0.9,1439684275320,12716
UMBF,$54.57,1439684275382,103650
UMPQ,$17.372,1439684275452,521610
UNIS,$1.36,1439684275571,859333
UNAM,$9.5,1439684275596,822
UBSH,$24.35,1439684275704,94095
UNB,$26.78,1439684275722,15
UNXL,$0.94,1439684275758,191378
QURE,$25.2163,1439684275893,124606
UBSI,$39.9,1439684275935,114228
UBOH,$15.88,1439684275949,922
UCBA,$13.97,1439684276081,19
UBCP,$8.53,1439684276102,4326
UCBI,$20.8,1439684276121,66644
UDF,$17.89,1439684276137,65682
UCFC,$5.04,1439684276258,34185
UBNK,$13.34,1439684276404,84510
UFCS,$36.45,1439684276422,43451
UNFI,$46.78,1439684276488,468972
UNTD,$12.13,1439684276574,43945
UIHC,$14.36,1439684276591,80361
UBFO,$5.09,1439684276648,1200
USBI,$8.85,1439684276732,3075
USLM,$53.75,1439684276778,9607
UNTY,$10.05,1439684276868,21213
UG,$19.24,1439684276922,647
UTHR,$164.74,1439684276945,151845
OLED,$38.72,1439684276987,398528
UFPI,$63.9077,1439684277113,47023
USAP,$12.76,1439684277130,7270
UVSP,$19.75,1439684277266,11014
UACL,$20.42,1439684277289,27562
UEIC,$48.44,1439684277302,44978
UPIP,$0.745,1439684277325,50978
URRE,$0.93,1439684277457,33402
UPLD,$7.95,1439684277492,15137
URBN,$32.25,1439684277550,1287926
ECOL,$51.52,1439684277647,55209
DTYS,$20.18,1439684277750,40635
DTUS,$31.8,1439684277897,750
DLBS,$20.98,1439684277993,4160
USAK,$21,1439684278221,18606
USAT,$3.1,1439684278245,36477
USMD,$7.25,1439684278340,2721
UTMD,$51.64,1439684278388,2959
UTIW,$7.91,1439684278407,867801
UTSI,$1.95,1439684278464,69177
VALU,$13.84,1439684278618,169
VALX,$25.628,1439684278635,776
VNDA,$12.03,1439684278680,444221
VGIT,$64.75,1439684278818,19588
VWOB,$75.92,1439684278843,21887
VNQI,$55.06,1439684278853,156532
VCIT,$84.58,1439684278909,247892
VGLT,$76.64,1439684278980,17874
VCLT,$86.94,1439684278998,180887
VMBS,$53.06,1439684279035,61578
VNRBP,$17.22,1439684279188,21126
VNR,$8.92,1439684279227,448578
VNRAP,$22.04,1439684279247,20424
VONE,$97.12,1439684279333,10127
VONG,$103.78,1439684279350,5953
VNRCP,$17.61,1439684279417,34657
VTWO,$97.04,1439684279517,10572
VONV,$90,1439684279601,7496
VTHR,$96.79,1439684279635,387
VTWV,$85.22,1439684279657,3784
VTWG,$109.69,1439684279667,6254
VCSH,$79.35,1439684279689,283773
VGSH,$61.04,1439684279762,45662
VTIP,$48.36,1439684279867,81978
VXUS,$49.2,1439684279939,277130
BNDX,$52.93,1439684279992,948346
VPCO,$0.8,1439684280010,31592
VPCOU,$10.35,1439684280029,4000
VRNS,$23.49,1439684280129,68416
VDSI,$18.7,1439684280289,476446
VASC,$37.64,1439684280303,35884
VBIV,$2.51,1439684280323,38
VECO,$23.09,1439684280358,129136
VBLT,$5.34,1439684280403,43786
WOOF,$58.28,1439684280491,132747
VRA,$11.05,1439684280576,236702
APPY,$0.4099,1439684280710,17830
VCYT,$9.18,1439684280748,56651
VSTM,$7.52,1439684280762,122094
VCEL,$3.43,1439684280855,46719
VRNT,$58,1439684280942,210147
VRSN,$71.09,1439684280983,480860
VBTX,$16.05,1439684281104,3578
VRSK,$76.8,1439684281143,291325
VRML,$1.93,1439684281190,1542
VSAR,$16.84,1439684281200,76364
VRTX,$136.88,1439684281356,565789
VTNR,$2.45,1439684281366,58821
VRTA,$3.3401,1439684281539,207
VIA,$44.9188,1439684281725,64950
VIAB,$44,1439684281812,3724569
VICL,$0.6297,1439684281883,69188
VIAV,$5.68,1439684281966,2526090
VICR,$11.42,1439684281981,31505
VSAT,$61.09,1439684281992,119254
VBND,$49.49,1439684282012,38017
VUSE,$26.34,1439684282128,107075
VGGL,$1.35,1439684282208,96079
VIDI,$21.66,1439684282218,77805
VDTH,$11.91,1439684282245,17264
VKTX,$7.52,1439684282361,7620
VLGEA,$28.55,1439684282452,12804
VIMC,$11.42,1439684282561,64411
VIRC,$2.54,1439684282656,399
VIP,$5.43,1439684282671,1033023
VA,$35.14,1439684282760,256764
VNOM,$16.1224,1439684282779,44544
VRTU,$50.26,1439684282903,139214
VIRT,$21.1,1439684282932,163474
VRTS,$126.4,1439684282943,43798
VSCP,$2.31,1439684283001,1650
VISN,$10.4,1439684283023,7389
VTL,$14.53,1439684283370,123451
VVUS,$1.16,1439684283389,661328
VTAE,$8.28,1439684283403,32727
VIIX,$21.56,1439684283503,66869
VOD,$37.53,1439684283598,998684
VOXX,$7.89,1439684283672,29776
VSEC,$46.39,1439684283806,3629
VTVT,$8.03,1439684283824,24689
VLTC,$8.36,1439684283877,756874
VUZI,$4.11,1439684283894,156835
VRNG,$0.6424,1439684283921,225324
VWR,$27.2344,1439684283930,165115
WGBS,$1.34,1439684284017,16316
WBA,$92.1,1439684284115,1687240
WRES,$0.4108,1439684284174,234152
WAFD,$23.25,1439684284446,197547
WASH,$39.94,1439684284495,12522
WAFDW,$5.7,1439684284511,100
WAYN,$12.78,1439684284594,2220
WFBI,$18.63,1439684284607,767
WSBF,$13.15,1439684284669,35485
WSTG,$17.49,1439684284709,2949
WDFC,$89,1439684284872,43571
WB,$13.6,1439684284943,156787
WBMD,$43.35,1439684285009,154961
WAVX,$0.14,1439684285067,366770
WWWW,$24.18,1439684285118,194165
WEBK,$19.64,1439684285136,7
WERN,$28.45,1439684285336,201476
WEN,$9.96,1439684285368,1142065
WSBC,$31.928,1439684285388,76916
WSTC,$26.18,1439684285412,243505
WTBA,$19.49,1439684285460,13273
WMAR,$9.02,1439684285480,26920
WBB,$17.68,1439684285575,20
WABC,$48.78,1439684285612,57359
WDC,$82.5,1439684285735,618872
WSTL,$1.13,1439684285749,14128
WFD,$7.44,1439684285829,35461
WLB,$12.16,1439684285879,218669
WPRT,$3.77,1439684285950,67940
WHLR,$1.94,1439684286020,5056
WEYS,$28,1439684286034,3215
WHLRP,$22.41,1439684286169,2675
WHF,$12.62,1439684286254,9382
WILN,$2.09,1439684286376,19117
WFM,$33.47,1439684286397,4033587
WHLM,$5.78,1439684286421,358
WHFBL,$25.6,1439684286431,400
WVVI,$7.49,1439684286558,9995
WLDN,$10.27,1439684286611,135446
WLFC,$15.74,1439684286706,5033
WIN,$6.72,1439684286738,2715276
WIBC,$11.35,1439684286757,99486
WINA,$103.06,1439684286808,6394
WING,$29.87,1439684286827,72313
WTFC,$53.98,1439684286920,135907
WTFCM,$25.75,1439684286938,8286
AGND,$44.42,1439684287199,2294
HYND,$21.06,1439684287218,150
AGZD,$48.37,1439684287298,1403
HYZD,$23.44,1439684287329,100
DXGE,$28.63,1439684287430,23009
EMCB,$69.74,1439684287444,1813
DGRE,$21.1,1439684287662,3873
WETF,$24.63,1439684287672,651605
DXJS,$37.31,1439684287695,15124
DXKW,$19.49,1439684287773,1060
GULF,$19.34,1439684287843,4104
DGRS,$28.39,1439684288046,453
CRDT,$72.94,1439684288142,131
DGRW,$30.99,1439684288161,60628
DXPS,$24.8,1439684288181,900
WIX,$22.16,1439684288247,107221
WLRHW,$0.85,1439684288365,7190
WLRH,$10.2,1439684288382,652
WLRHU,$10.96,1439684288498,681
WWD,$48.26,1439684288518,172878
WRLD,$33.69,1439684288671,96799
WBKC,$25.87,1439684288708,16
WOWO,$5.75,1439684288803,5700
WPPGY,$110.86,1439684288821,31991
WPCS,$1.24,1439684288860,68541
WMGIZ,$3.7537,1439684288889,105
WMGI,$25.16,1439684288938,228097
WSCI,$5.34,1439684289086,2930
WSFS,$28.838,1439684289160,54112
WSFSL,$27.85,1439684289172,450
WVFC,$11.04,1439684289193,112
XBIT,$16.85,1439684289228,35952
WYNN,$92.43,1439684289275,1294239
XELB,$8.9,1439684289372,9500
XCRA,$6.13,1439684289478,108458
XENE,$9.9,1439684289593,17348
XBKS,$6.15,1439684289670,64
XNCR,$18.73,1439684289685,70223
XNPT,$6.47,1439684289752,254885
XGTI,$0.9,1439684289841,1398253
XLNX,$43.45,1439684289860,2450683
XOMA,$0.83,1439684289878,1603104
XGTIW,$0.09,1439684289893,206
XOOM,$24.85,1439684290051,246554
XPLR,$6.06,1439684290102,31130
XNET,$9.67,1439684290124,52343
XTLB,$1.79,1439684290182,1770
YHOO,$36.34,1439684290204,6726663
YNDX,$12.82,1439684290283,1051263
YDLE,$16.84,1439684290314,126933
YOD,$2.4899,1439684290544,400713
YECO,$4.08,1439684290562,6022
YRCW,$19.53,1439684290603,295291
YCB,$29.88,1439684290646,1499
ZAGG,$7.5,1439684290689,205208
YY,$61.02,1439684290747,519759
ZFGN,$36.74,1439684290778,90645
ZAIS,$10.33,1439684290941,1495
ZAZA,$0.56,1439684291014,8877
ZBRA,$89.54,1439684291042,600485
ZLTQ,$35.5,1439684291053,285763
Z,$73.2246,1439684291117,506385
ZHNE,$1.67,1439684291246,44755
ZAVVV,$23.3,1439684291328,2900
ZCVVV,$25.19,1439684291398,124403
ZION,$30.5061,1439684291485,1196835
ZN,$1.59,1439684291613,22552
ZIOP,$9.85,1439684291826,2679329
ZIXI,$4.93,1439684291842,172192
ZGNX,$19.2,1439684291975,168190
ZU,$12.57,1439684292009,336634
ZUMZ,$23.37,1439684292027,105169
ZYNE,$34.84,1439684292050,170465
ZSAN,$7.95,1439684292060,342
ZSPH,$50.23,1439684292115,234300
ZNGA,$2.683,1439684292165,4170163
