TFSCW,NULL,1439676394896
SYMBOL,NULL,1439676394953
TFSCR,NULL,1439676395018
FLWS,$9.56,1439676395070
FCTY,$7.61,1439676395082
TFSCU,$10.14,1439676395113
PIH,$7.64,1439676395135
TFSC,NULL,1439676395144
FCCY,$11.5,1439676395258
SRCE,$31.28,1439676395450
USLV,$14.535,1439676395461
DGLD,$85.97,1439676395484
UGLD,$8.83,1439676395515
TWOU,$36.03,1439676395606
VNET,$20.66,1439676395677
DSLV,$62.91,1439676395731
SIXD,$3.03,1439676395891
JOBS,$28.7271,1439676395992
CAFD,$15.77,1439676396099
SHLM,$35.6,1439676396114
AAON,$23.23,1439676396163
AVHI,$14.11,1439676396173
EGHT,$8.55,1439676396223
ABY,$22.52,1439676396242
ABAX,$48.45,1439676396312
ABGB,$5.07,1439676396328
ABEOW,$2.13,1439676396466
ABEO,$5.35,1439676396638
ABMD,$103.92,1439676396684
AXAS,$1.81,1439676396768
ACHC,$81.02,1439676396787
ACTG,$8.57,1439676396802
ACAD,$37.88,1439676396844
AXDX,$19.22,1439676396901
ACST,$0.41,1439676396920
VXDN,$16.72,1439676397157
ANCX,$19.13,1439676397177
XLRN,$31.28,1439676397253
ARAY,$6.23,1439676397293
VXUP,$17.05,1439676397401
AKAO,$7.64,1439676398494
ACRX,$4.46,1439676398810
ACET,$25.32,1439676398837
ACHN,$7.35,1439676399087
ACNB,$20.2,1439676399180
ACTA,$13.65,1439676399195
ACOR,$31.84,1439676399277
ACUR,$0.66,1439676399294
ACTS,$1.57,1439676399319
ACXM,$21.16,1439676399338
ACIW,$23.03,1439676399355
ADAP,$14.36,1439676399510
ATVI,$28.6766,1439676399531
ACPW,$1.92,1439676399648
ADMP,$3.49,1439676399676
ADMS,$22.15,1439676399698
ADUS,$28.7,1439676399751
AEY,$2.38,1439676399773
ADBE,$86.12,1439676400008
ADEP,$7.17,1439676400117
ADXS,$16.7101,1439676400132
ADMA,$9.31,1439676400183
AEIS,$26.64,1439676400201
AMD,$1.84,1439676400265
ADXSW,$11.8,1439676400321
ADTN,$15.95,1439676400334
ADRO,$20.83,1439676400358
AEGR,$17.98,1439676400541
MULT,NULL,1439676400577
AEGN,$19.05,1439676400650
YPRO,$23.04,1439676400677
AEPI,$57.37,1439676400734
AEHR,$2.25,1439676400745
AMTX,$3.45,1439676400859
AVAV,$26.28,1439676400976
AERI,$15.37,1439676400997
AEMD,$6.99,1439676401029
AFMD,$11.15,1439676401095
AEZS,$0.1499,1439676401175
AFFX,$9.64,1439676401209
AGRX,$9.06,1439676401227
AGEN,$7.27,1439676401275
AGYS,$9.38,1439676401436
AGIO,$90.75,1439676401481
AGFS,$10.85,1439676401501
AGFSW,$2.34,1439676401611
AIRM,$39.93,1439676401673
AIMT,$26.05,1439676401683
AIRT,$23.2,1439676401701
ATSG,$9.76,1439676401807
AMCN,$4.82,1439676401878
AIXG,$5.94,1439676401976
AKBA,$7.1,1439676402069
AKER,$3.89,1439676402089
AKAM,$73.37,1439676402104
AKRX,$42.92,1439676402198
ALRM,$16.91,1439676402216
ALSK,$2.08,1439676402366
ADHD,$8.71,1439676402425
ABDC,$12.93,1439676402445
ALDR,$36.83,1439676402593
ALXN,$185.41,1439676402608
ALXA,$1.14,1439676402628
AMRI,$20.55,1439676402649
ALDX,$8.04,1439676402701
ALCO,$43.45,1439676402831
ALGN,$60.57,1439676402924
ALIM,$3.89,1439676402979
ALKS,$65.81,1439676403028
ALGT,$232.87,1439676403094
ALLB,$23.73,1439676403155
AIQ,$15.22,1439676403265
AHGP,$35.97,1439676403303
AHPI,$1.45,1439676403321
AMOT,$18.36,1439676403416
ARLP,$24.81,1439676403434
AFOP,$18.88,1439676403455
ALQA,$4.71,1439676403600
ALLT,$5.12,1439676403726
AFAM,$48.29,1439676403748
MDRX,$14.2339,1439676403787
ALNY,$105.74,1439676403808
SMCP,NULL,1439676403907
AOSL,$7.51,1439676403951
ATEC,$0.69,1439676404081
ALTR,$49.03,1439676404125
AMRN,$2.34,1439676404169
ASPS,$29.91,1439676404180
AMAG,$62.95,1439676404205
AIMC,$26.47,1439676404223
AYA,$23.16,1439676404328
AMRK,$10.59,1439676404344
AMZN,$531.8,1439676404460
AMBC,$16.8,1439676404644
EPAX,$2.41,1439676404765
AMBCW,$8.26,1439676404828
AMCX,$74.87,1439676404838
AMDA,$0.51,1439676404856
DOX,$60.03,1439676404902
AMBA,$108.62,1439676404921
AMED,$45.38,1439676404973
UHAL,$384.51,1439676405036
ATAX,$5.35,1439676405142
AMOV,$18.68,1439676405162
AAL,$42.94,1439676405184
ASBI,$22.88,1439676405270
AGNCB,$24.2,1439676405334
AGNC,$19.95,1439676405415
AGNCP,$25.28,1439676405684
MTGEP,NULL,1439676405704
ACSF,$12.8,1439676405722
ANCI,$1.69,1439676405741
MTGE,$15.82,1439676405760
ACAS,$14.23,1439676405789
AETI,$4.05,1439676405828
AMNB,$23.23,1439676406021
ANAT,$104.931,1439676406068
AMIC,$10.26,1439676406078
APEI,$22.03,1439676406126
AMRB,$10.1,1439676406209
ASEI,$39.89,1439676406259
ARII,$40.52,1439676406301
AMSC,$4.11,1439676406479
AMSWA,$9.31,1439676406516
CRMT,$46.35,1439676406664
ASRV,$3.3,1439676406711
AMSF,$50.37,1439676406729
ABCB,$28.058,1439676406788
AMWD,$65.3878,1439676406859
ATLO,$23.46,1439676406901
FOLD,$15.97,1439676406921
AMGN,$167.72,1439676406997
AMPH,$14.64,1439676407121
AMKR,$4.45,1439676407154
ASRVP,NULL,1439676407174
AMSG,$84.8,1439676407302
ASYS,$5.83,1439676407394
AMSGP,NULL,1439676407413
ANAC,$136.22,1439676407495
ADI,$58.84,1439676407550
AMRS,$1.68,1439676407581
AFSI,$62.9255,1439676407648
ANAD,$0.3061,1439676407706
ANCB,$22.95,1439676407760
ALOG,$78.8,1439676407780
ABCW,$41.532,1439676407838
AMCF,$0.3,1439676407931
ANGI,$4.4,1439676407959
ANGO,$14.88,1439676408067
ANIP,$54.76,1439676408158
ANIK,$35.96,1439676408195
ANSS,$94.26,1439676408216
ATRS,$1.89,1439676408236
ABAC,$0.92,1439676408328
ANTH,$9.22,1439676408409
APIC,$8.14,1439676408528
APOL,$11.77,1439676408549
ATNY,$2.41,1439676408613
APPF,$16.75,1439676408643
APOG,$54.27,1439676408663
AINV,$6.7571,1439676408686
ARCI,$1.36,1439676408921
APDN,$3.37,1439676408964
AGTC,$15.64,1439676409095
AAOI,$22.11,1439676409112
APDNW,$1.29,1439676409135
AMAT,$16.64,1439676409165
AAPL,$116.14,1439676409196
AMCC,$5.85,1439676409334
AREX,$2.69,1439676409399
APRI,$1.19,1439676409482
APTO,$5.26,1439676409521
AQMS,$5.44,1439676409534
AQXP,$22.25,1439676409547
AUMAU,NULL,1439676409658
AUMA,$9.75,1439676409673
AUMAW,$0.27,1439676409795
PETX,$16.98,1439676409855
ARDM,$7.49,1439676409911
ABUS,$8.4978,1439676409982
ARCW,$3.74,1439676410040
RKDA,$4.69,1439676410151
ABIO,$0.92,1439676410170
ARCB,$32.61,1439676410245
ACGL,$73.4547,1439676410285
ARNA,$3.397,1439676410350
ACAT,$30,1439676410365
ARCC,$16.14,1439676410465
ARDX,$18.91,1439676410488
AGII,$57.86,1439676410583
ARGS,$4.21,1439676410646
AGIIL,$25.37,1439676410732
ARIA,$7.27,1439676410925
ARWA,NULL,1439676410990
ARKR,$25.4,1439676411008
ARTX,$1.57,1439676411033
ARMH,$42.47,1439676411045
ARIS,$3.32,1439676411069
ARWAU,$10.11,1439676411172
ARWAR,NULL,1439676411239
ARWAW,NULL,1439676411296
ARRY,$5.7,1439676411438
ARRS,$27.5836,1439676411494
DWAT,$10.4642,1439676411509
ARQL,$1.69,1439676411553
AROW,$27.56,1439676411645
ARWR,$5.52,1439676411673
ARTW,$4.5,1439676411804
ARTNA,$22.38,1439676411852
ASNA,$12.36,1439676411950
ASBB,$24.82,1439676412072
ASCMA,$29.02,1439676412127
ASND,$17.02,1439676412187
APWC,$2.0912,1439676412221
ASTI,$0.22,1439676412354
ASMI,$38.99,1439676412580
ASML,$92.69,1439676413207
ASFI,$9.14,1439676413400
ASMB,$13.28,1439676413508
AZPN,$37.65,1439676413550
ASTE,$38.59,1439676413604
ALOT,$13.89,1439676413736
ASUR,$6.07,1439676413772
ASTC,$2.39,1439676413812
ATRO,$60.31,1439676413929
ATHN,$138.1303,1439676413951
ATAI,$3.19,1439676413969
ATRA,$47.18,1439676414017
AFCB,$28,1439676414030
ATHX,$1.19,1439676414080
AAPC,$10.17,1439676414184
AAME,$3.59,1439676414303
ACFC,$6.1,1439676414392
ATML,$7.81,1439676414565
ATNI,$74.13,1439676414584
ATOS,$0.98,1439676414619
AFH,$17,1439676414643
AAWW,$45.06,1439676414654
ATRC,$26.46,1439676414680
ATLC,$3.98,1439676414698
ATRI,$407,1439676414785
ATRM,$3.07,1439676414977
LIFE,$14.33,1439676415046
AUDC,$3.18,1439676415072
AUBN,$27.14,1439676415091
ATTU,$14.58,1439676415112
AUPH,$3.42,1439676415193
EARS,$5.04,1439676415424
ABTL,$19.79,1439676415444
ADP,$82.8833,1439676415469
ADSK,$54.86,1439676415484
ADAT,$0.1051,1439676415519
AVNU,$13.1,1439676415540
AVGO,$122.2,1439676415654
AAVL,$10.03,1439676415684
AVEO,$1.17,1439676415775
AVID,$9.15,1439676415924
AVNW,$1.14,1439676415981
AXPW,$1.19,1439676416154
AWRE,$3.23,1439676416234
AVGR,$15.46,1439676416255
AXPWW,NULL,1439676416299
ACLS,$3.21,1439676416325
CAR,$44.07,1439676416338
AXTI,$2.21,1439676416459
AXGN,$3.78,1439676416529
BCOM,$19.49,1439676416575
BOSC,$2.24,1439676416631
RILY,$10,1439676416704
BIDU,$164.65,1439676416767
BEAV,$51.17,1439676416829
BWINA,$23.35,1439676416993
BCPC,$60.4,1439676417009
BWINB,$23.34,1439676417077
BLDP,$1.34,1439676417091
BANFP,NULL,1439676417184
BANF,$62.967,1439676417227
BKMU,$7.35,1439676417271
BOCH,$5.8,1439676417341
BOTJ,$11.18,1439676417479
BKSC,$15.97,1439676417549
OZRK,$43.87,1439676417611
BMRC,$48.09,1439676417629
BFIN,$12.3,1439676417749
BWFG,$18.28,1439676417787
BANR,$47.94,1439676417801
TAPR,$31.71,1439676417939
BZUN,$7.73,1439676417960
BHAC,NULL,1439676417985
BHACR,NULL,1439676418112
BHACU,NULL,1439676418125
BHACW,$0.1301,1439676418154
BSET,$31.45,1439676418283
BYBK,$5.11,1439676418368
BBSI,$37.64,1439676418381
BBCN,$15.55,1439676418519
BYLK,$12.94,1439676418555
BV,$5.38,1439676418569
BCBP,$11.71,1439676418671
BECN,$36.2544,1439676418745
BDCV,$5.03,1439676418873
BBGI,$4.94,1439676418966
BSF,$9.11,1439676418985
BBBY,$63.18,1439676419101
BEBE,$1.85,1439676419178
BELFA,$17.18,1439676419269
BELFB,$20.13,1439676419353
BLPH,$4.06,1439676419368
BLCM,$18.48,1439676419394
BNCL,$12.87,1439676419412
BNFT,$38.23,1439676419460
BNTC,NULL,1439676419571
BGMD,$0.8211,1439676419599
BGCP,$9.59,1439676419714
ORPN,$5.45,1439676419800
BGFV,$11.09,1439676419809
BIND,$4.43,1439676419853
BASI,$1.79,1439676420003
BCDA,NULL,1439676420019
BIOC,$1.85,1439676420159
BIOD,$0.7316,1439676420175
BCRX,$11.68,1439676420184
BDSI,$6.6,1439676420233
BIIB,$311,1439676420315
BIOL,$1.62,1439676420424
BLFS,$2.16,1439676420485
BLRX,$1.51,1439676420500
BVXV,$4.25,1439676420589
BMRN,$134.51,1439676420649
BVXVW,NULL,1439676420666
BIOS,$1.35,1439676420804
BPTH,$1.18,1439676420926
BRLI,$35.45,1439676420957
BSTC,$51.19,1439676420988
BBC,$32.17,1439676421015
BSPM,$0.68,1439676421056
BBP,$33.75,1439676421114
BOTA,$2.33,1439676421167
TECH,$105.65,1439676421301
BEAT,$11.62,1439676421368
BITI,$19.31,1439676421417
BDMS,$13.2,1439676421459
BJRI,$46.18,1439676421525
BBOX,$15.86,1439676421605
BDE,$7.43,1439676421655
HAWK,$43.5,1439676421775
BLKB,$62.98,1439676421830
ADRD,$23.44,1439676421888
BBRY,$7.6,1439676421905
BKCC,$9.51,1439676421935
ADRE,$31.45,1439676422020
ADRA,$28.75,1439676422042
ADRU,$23.2666,1439676422184
BLMN,$21.66,1439676422286
BCOR,$13.83,1439676422361
BLBD,$12.93,1439676422376
BUFF,$26.87,1439676422424
BHBK,$14.5,1439676422542
BLUE,$127.26,1439676422603
NILE,$34.68,1439676422623
BKEP,$6.78,1439676422671
BNCN,$21.89,1439676422826
BBLU,$0.9223,1439676422845
BKEPP,$7.89,1439676422865
BPMC,$26.55,1439676422929
BOBE,$46.61,1439676422955
BOFI,$128.5,1439676423048
WIFI,$9.07,1439676423196
BOKF,$66.3333,1439676423280
BOJA,$20.84,1439676423307
BONA,$11.85,1439676423327
BAMM,$3.22,1439676423358
BPFHP,$25.58,1439676423428
BPFH,$12.46,1439676423454
BNSO,$1.72,1439676423529
BDBD,$8.99,1439676423668
BPFHW,NULL,1439676423684
EPAY,$26.1,1439676423703
BCLI,$2.88,1439676423747
BBRG,$12.89,1439676423889
BBEP,$2.8015,1439676423952
BRID,$8.14,1439676424121
BCOV,$5.53,1439676424144
BBEPP,$14.39,1439676424171
BDGE,$28.06,1439676424192
BSFT,$34.34,1439676424415
BWEN,$3.56,1439676424431
BRCM,$50.5,1439676424471
BYFC,$1.37,1439676424525
BRKL,$10.8,1439676424580
BRCD,$10.1084,1439676424604
BRKS,$11.06,1439676424620
BVSN,$6.02,1439676424645
BRKR,$20.14,1439676424918
BMTC,$29.83,1439676424954
BLMT,$21.22,1439676425051
BSQR,$7.28,1439676425115
BWLD,$195.84,1439676425138
BUR,$2.02,1439676425160
BLDR,$14.2717,1439676425186
CFFI,$36.65,1439676425207
CHRW,$69.4,1439676425328
CCMP,$45.71,1439676425353
CDZI,$7.42,1439676425520
CA,$29.339,1439676425533
CACQ,$7.18,1439676425576
CZR,$7.36,1439676425608
CDNS,$21.3859,1439676425622
CSTE,$50.1161,1439676425654
CLBS,$1.4,1439676425986
PRSS,$4.8,1439676426007
CLMS,$11.78,1439676426021
CHI,$11.13,1439676426140
CCD,$20.6,1439676426160
CHY,$11.91,1439676426171
CFGE,NULL,1439676426243
CGO,$12.79,1439676426281
CSQ,$10.56,1439676426419
CVGW,$53,1439676426450
CHW,$8.12,1439676426468
CALA,$5.33,1439676426556
CAMP,$16.59,1439676426567
CFNB,$13.47,1439676426584
CALD,$16.56,1439676426608
CALM,$52,1439676426850
CLMT,$26.37,1439676426936
CAMB,NULL,1439676427014
ABCD,$4.45,1439676427079
CAMBU,NULL,1439676427110
CAMBW,NULL,1439676427225
CAC,$40.42,1439676427283
CAMT,$2.83,1439676427299
CSIQ,$24.71,1439676427329
CPLA,$49.93,1439676427486
CPHC,$10.7,1439676427520
CBNJ,$10.87,1439676427585
CGIX,$11.09,1439676427658
CPLP,$7.22,1439676427698
CBF,$30.2,1439676427719
CCBG,$15.19,1439676427795
CSWC,$49.86,1439676427977
CAPNW,$0.7799,1439676428019
CPTA,$15.25,1439676428080
CFFN,$12.19,1439676428090
CAPR,$4.12,1439676428112
CAPN,$3.05,1439676428195
CARA,$21.91,1439676428228
CPST,$0.4018,1439676428284
CARB,$11.66,1439676428380
CBYL,$6.28,1439676428439
CRDC,$0.4,1439676428509
CFNL,$23.528,1439676428569
CSII,$24.2,1439676428733
CATM,$35.33,1439676428780
CRME,$9.77,1439676428807
CECO,$3.99,1439676429081
CARO,$16.09,1439676429099
CKEC,$23.95,1439676429156
CDNA,$6.31,1439676429167
CTRE,$11.2122,1439676429188
CLBH,$12.8,1439676429211
CART,$5.46,1439676429273
TAST,$12.93,1439676429436
CRZO,$35.06,1439676429461
CARV,$5.86,1439676429579
CRTN,$2.89,1439676429597
CASM,$1.12,1439676429658
CACB,$5.55,1439676429743
CWST,$6.27,1439676429762
CASY,$106.61,1439676429951
CASI,$1.53,1439676430003
CASS,$51.35,1439676430058
CSCD,$14,1439676430084
CPRX,$4.11,1439676430094
CATY,$32.18,1439676430148
CATB,$11.99,1439676430228
CVCO,$73.4488,1439676430368
CATYW,NULL,1439676430421
CAVM,$71.64,1439676430471
CBFV,$20.05,1439676430537
CNLM,NULL,1439676430599
CNLMR,NULL,1439676430668
CBOE,$64.4229,1439676430738
CDK,$50.99,1439676430765
CNLMU,NULL,1439676430784
CNLMW,NULL,1439676430837
CPXX,$2.25,1439676430910
CDW,$39.18,1439676430931
CECE,$10.1,1439676431010
CELG,$129.24,1439676431093
CELGZ,$1.98,1439676431141
CLDN,$1.05,1439676431163
CLDX,$16.34,1439676431394
CLRBW,$0.85,1439676431415
CLRB,$3.12,1439676431456
CBMG,$23.77,1439676431475
CEMP,$37.26,1439676431544
CLLS,$32.67,1439676431573
CYAD,$55,1439676431604
CLTX,$0.58,1439676431635
CLSN,$2.19,1439676431801
CETX,$2.7,1439676431818
CFBK,$1.32,1439676431958
CSFL,$14.17,1439676431977
CETV,$2.29,1439676431988
CENT,$11.21,1439676432145
CENTA,$11.95,1439676432182
CNTY,$6.35,1439676432320
CENX,$6.07,1439676432356
CVCY,$11.13,1439676432418
CPHD,$49.05,1439676432471
CRNT,$1.4,1439676432499
CERE,$1.75,1439676432518
CNBKA,$41.61,1439676432586
CERN,$64.253,1439676432607
KOOL,$0.675,1439676432808
CERU,$3.5,1439676432836
CERS,$4.76,1439676432893
CYOU,$20.2964,1439676432964
CEVA,$19.26,1439676433016
HOTR,$1.62,1439676433067
CTHR,$1.23,1439676433101
GTLS,$24.72,1439676433222
HOTRW,NULL,1439676433275
CHTR,$180,1439676433359
CHKP,$80.8,1439676433380
CHEK,$3.33,1439676433500
CHFC,$32.92,1439676433565
CHEKW,NULL,1439676433586
CHFN,$12.62,1439676433620
CEMI,$4.74,1439676433760
CHMG,$26.65,1439676433831
CCXI,$6.53,1439676433850
CBNK,$16.82,1439676433989
CHEV,$14.8,1439676434015
PLCE,$59.59,1439676434074
CHMA,$28.7,1439676434142
CHKE,$27.96,1439676434200
CMRX,$49.98,1439676434282
CALI,$1.02,1439676434321
CAAS,$6.73,1439676434331
CADC,NULL,1439676434443
CBPO,$109.63,1439676434521
CBAK,$2.48,1439676434561
CCCL,$0.93,1439676434679
CCCR,NULL,1439676434745
JRJC,$4.44,1439676434760
HGSH,$1.93,1439676434885
CHLN,$1.39,1439676434925
CHOP,$1.3,1439676434946
CNIT,$1.82,1439676435022
HTHT,$24.6555,1439676435107
CJJD,$2.25,1439676435130
CHNR,$2.0101,1439676435176
CREG,$0.77,1439676435296
CSUN,$1.54,1439676435311
CPGI,$6.99,1439676435347
CXDC,$6.25,1439676435414
CNYD,$3.41,1439676435484
CNTF,$0.95,1439676435504
CCIH,$9.79,1439676435595
CNET,$0.824,1439676435650
IMOS,$15.8765,1439676435668
CHSCL,$27.15,1439676435881
CHSCN,$27.5,1439676435896
CHSCM,$26.36,1439676435945
CHSCO,$28.5,1439676435977
CHSCP,$30.63,1439676436015
CHDN,$135.81,1439676436070
CHUY,$32.95,1439676436101
CIFC,$7.35,1439676436169
CMCT,$15.6,1439676436262
CMPR,$70.48,1439676436441
CDTX,$14.5,1439676436489
CINF,$56.6513,1439676436511
CIDM,$0.7,1439676436554
CTAS,$88.49,1439676436591
CPHR,$7.5,1439676436609
CSCO,$29.05,1439676436672
CRUS,$29.35,1439676436735
CZNC,$20.34,1439676436867
CTRN,$22.76,1439676436889
CIZN,$19.6,1439676436985
CZFC,NULL,1439676437004
CTXS,$77.55,1439676437070
CZWI,$9.17,1439676437126
CHCO,$48.29,1439676437150
CIVB,$10.29,1439676437256
CLNE,$4.94,1439676437380
CIVBP,NULL,1439676437393
CDTI,$1.61,1439676437481
CLNT,$1.97,1439676437539
CLFD,$18.18,1439676437604
CLRO,$11.9,1439676437622
CBLI,$3.57,1439676437659
CLIR,$5.3,1439676437682
CSBK,$14.03,1439676437770
CLVS,$77.07,1439676437843
CME,$98.1796,1439676438034
CISG,$8.5,1439676438066
CNV,$4.92,1439676438095
CCNE,$17.36,1439676438153
CMFN,$11.225,1439676438214
CWAY,$11.5,1439676438264
COKE,$162.85,1439676438292
CDRB,$13.06,1439676438334
COBZ,$12.82,1439676438481
CDXS,$3.69,1439676438493
JVA,$4.77,1439676438624
CGNT,$1.57,1439676438647
CCOI,$29.16,1439676438664
CVLY,$20.68,1439676438734
CGNX,$36.99,1439676438770
CTSH,$67.17,1439676438942
COHR,$58.79,1439676439099
COHU,$9.52,1439676439119
CHRS,$34.14,1439676439178
COLL,$16.76,1439676439210
CLRX,$0.48,1439676439223
CIGI,$47.34,1439676439313
CBAN,$9.18,1439676439333
CLCT,$19.76,1439676439370
CLCD,$8.07,1439676439532
COLM,$65.52,1439676439559
COLB,$33.06,1439676439578
CBMX,$1.32,1439676439699
CMCO,$22.05,1439676439725
CMCSA,$58.99,1439676439785
CMCSK,$59.4284,1439676439886
CBSH,$47.5595,1439676439924
CVGI,$4.96,1439676440038
CUBN,$13.84,1439676440092
COMM,$31.6,1439676440108
ESXB,$5.12,1439676440211
CBSHP,$25.44,1439676440226
CYHHZ,$0.012,1439676440250
CSAL,$23.0646,1439676440281
JCS,$9.8,1439676440418
CTBI,$35.13,1439676440531
COB,$10.9,1439676440585
CWBC,$6.76,1439676440609
CVLT,$37.51,1439676440621
CIL,NULL,1439676440745
CID,NULL,1439676440778
CIZ,$35.22,1439676440865
CSA,NULL,1439676440930
CDC,$36.72,1439676440995
CSF,$38.404,1439676441015
CFO,$37.55,1439676441120
CFA,$37.4308,1439676441138
CSB,NULL,1439676441161
CDL,$35.5,1439676441204
CGEN,$5.78,1439676441381
CPSI,$46.19,1439676441449
CHCI,$0.5499,1439676441538
SCOR,$63.99,1439676441559
CTG,$6.54,1439676441631
CMTL,$28.25,1439676441751
CNSI,$19.31,1439676441764
CNCE,$16.51,1439676441846
CNAT,$4.02,1439676441913
CXRX,$76.81,1439676441932
CCUR,$5.16,1439676441998
CDOR,$1.47,1439676442137
CDORO,$19.55,1439676442197
CFMS,$22.03,1439676442323
CDORP,$7.48,1439676442336
CNFR,$10.5,1439676442358
CNMD,$56.07,1439676442464
CTWS,$35.15,1439676442585
CNXR,$7.1,1439676442642
CONN,$35.36,1439676442735
CNSL,$20.6,1439676442820
CPSS,$5.5839,1439676442861
CNOB,$20.29,1439676442892
CTCT,$24.67,1439676442910
CWCO,$11.97,1439676442933
CFRXW,NULL,1439676443082
CFRXZ,$0.388,1439676443184
CFRX,$4.54,1439676443224
CTRV,$4.4,1439676443244
CTRL,$8.59,1439676443299
CRBP,$1.85,1439676443378
CPRT,$36.38,1439676443433
CORT,$5.29,1439676443495
CORE,$64.92,1439676443657
CRVL,$33,1439676443696
CORI,$11.57,1439676443726
BVA,$3.87,1439676443755
CSOD,$38.79,1439676443840
CSGP,$195.58,1439676443863
COSI,$1.32,1439676443959
COST,$146.09,1439676444026
CPAH,$0.45,1439676444065
ICBK,$18.8,1439676444096
CVTI,$25.72,1439676444145
COWN,$5.69,1439676444225
COVS,$3,1439676444277
COWNL,$27.35,1439676444393
CPSH,$2.42,1439676444424
CRAI,$23.07,1439676444442
CBRL,$151.13,1439676444513
CRAY,$23.42,1439676444608
BREW,$8.29,1439676444656
CACC,$208.7,1439676444708
GLDI,$10.94,1439676444779
SLVO,$10.52,1439676444832
CREE,$27,1439676444866
CRESY,$11.64,1439676444905
CRTO,$46.1135,1439676445086
CROX,$15.03,1439676445138
CRDS,$1.13,1439676445157
CCRN,$14.11,1439676445180
CRWS,$8.12,1439676445203
CRWN,$4.79,1439676445304
CYRX,$3.01,1439676445351
CYRXW,$0.75,1439676445438
CSGS,$31.91,1439676445531
CTCM,$1.81,1439676445628
CCLP,$15.11,1439676445642
CSPI,$6.25,1439676445698
CTIC,$1.78,1439676445750
CTIB,$3.56,1439676445855
CUNB,$22.57,1439676445930
CTRP,$71.58,1439676445977
CPIX,$5.88,1439676446020
CUI,$5.53,1439676446038
CMLS,$1.33,1439676446067
CRIS,$2.81,1439676446150
CUTR,$15.06,1439676446236
CVBF,$17.49,1439676446274
CVV,$11.9,1439676446391
CYAN,$7.71,1439676446501
CYBR,$58.613,1439676446607
CYCC,$0.6,1439676446639
CYBE,$5.67,1439676446661
CBAY,$2.63,1439676446676
CYBX,$59.23,1439676446729
CYNA,$15.08,1439676446762
CYCCP,$5.9999,1439676446788
CYNO,$34.48,1439676446857
CONE,$34.6169,1439676447128
CY,$10.2,1439676447143
CYRN,$1.68,1439676447182
CYTK,$6.45,1439676447201
CTSO,$6.86,1439676447279
CYTX,$0.4041,1439676447313
TVIZ,$12.7,1439676447333
CYTR,$2.35,1439676447431
XIV,$47.853,1439676447532
DAEG,$0.36,1439676447550
DJCO,$209.79,1439676447684
TVIX,$5.66,1439676447739
DARA,$0.86,1439676447846
ZIV,$50.24,1439676447910
DAKT,$12.09,1439676447974
DAIO,$2.61,1439676448009
DTLK,$6.21,1439676448121
PLAY,$36.99,1439676448214
DWCH,$5.32,1439676448311
DWSN,$5.26,1439676448349
DTEA,$12.86,1439676448377
DRAM,$1.5,1439676448388
TRAK,$62.17,1439676448501
DBVT,$40.24,1439676448531
DHRM,$1.7101,1439676448595
DFRG,$15.43,1439676448674
TACO,$14.13,1439676448772
TACOW,$4.84,1439676448805
DGAS,$20.29,1439676448838
DCTH,$0.506,1439676448874
DELTW,NULL,1439676448953
DELT,$2.27,1439676449063
DENN,$12.45,1439676449114
DEPO,$31.5,1439676449161
DEST,$11.9,1439676449307
DERM,$24.35,1439676449344
XRAY,$56.79,1439676449367
DSCI,$6.48,1439676449437
DXLG,$4.8,1439676449524
DSWL,$1.8,1439676449558
DXM,$0.3104,1439676449572
DXCM,$99.88,1439676449601
DHXM,NULL,1439676449767
DMND,$32.05,1439676449850
DHIL,$191.83,1439676449888
DRNA,$10.9,1439676450029
FANG,$73.9,1439676450044
DCIX,$1.91,1439676450100
DMRC,$37.6,1439676450150
DGII,$10.03,1439676450195
DGLY,$7.9,1439676450313
DRAD,$4.03,1439676450377
DCOM,$17.25,1439676450411
APPS,$2.36,1439676450431
DIOD,$20.25,1439676450504
DPRX,$14.12,1439676450549
DISCA,$28.31,1439676450706
DISCB,NULL,1439676450731
DISCK,$27.12,1439676450841
DSCO,$0.48,1439676450862
DISH,$66.31,1439676450886
DVCR,$11.91,1439676450970
DLHC,$2.5,1439676451176
DNBF,$26.58,1439676451193
BAGR,$2.85,1439676451235
DLTR,$77.78,1439676451270
DGICB,NULL,1439676451291
DGICA,$14.4,1439676451310
DMLP,$14.92,1439676451332
DORM,$52.57,1439676451380
HILL,$5.43,1439676451572
DRWI,$0.29,1439676451644
DRWIW,$0.059,1439676451763
DWA,$19.54,1439676451817
DSPG,$9.12,1439676451898
DRYS,$0.3785,1439676451922
DSKX,$3.71,1439676451933
CADT,NULL,1439676451955
CADTW,NULL,1439676452037
CADTR,NULL,1439676452073
CADTU,NULL,1439676452158
DNKN,$52.43,1439676452215
DRRX,$2.16,1439676452239
DTSI,$27.02,1439676452288
DXPE,$30,1439676452370
DYAX,$22.33,1439676452441
BOOM,$10.15,1439676452580
DYNT,$3.05,1439676452626
DYSL,NULL,1439676452691
DVAX,$29.31,1439676452734
EGBN,$44.5,1439676452806
EBMT,$11.63,1439676452855
ETFC,$28.5357,1439676452882
EGLE,$8,1439676452935
EGRX,$66.8,1439676453003
EROC,$1.52,1439676453047
EWBC,$45.149,1439676453071
EACQU,$10.03,1439676453283
EML,$17.29,1439676453312
ELNK,$9.26,1439676453362
EVBS,$6.43,1439676453399
EBAY,$28.28,1439676453432
EBIX,$30.86,1439676453466
ELON,$0.54,1439676453514
ECTE,$1.51,1439676453636
ECHO,$25.21,1439676453681
EEI,$11.3,1439676453760
ESES,$3.49,1439676453778
ECACU,$10.03,1439676453829
SATS,$46.0773,1439676453844
EDAP,$3.7,1439676453875
EDGW,$7.17,1439676454061
EDUC,$4.91,1439676454113
EFUT,$4.61,1439676454183
EGAN,$3.55,1439676454215
EHTH,$15.08,1439676454306
LOCO,$14.64,1439676454326
EGLT,$12.58,1439676454457
ESLT,$83.26,1439676454490
EMITF,$1.29,1439676454523
ELRC,$10.49,1439676454559
ESIO,$4.72,1439676454585
EFII,$45.7,1439676454697
ERI,$8.9381,1439676454707
EA,$73.14,1439676454730
ELSE,$3.88,1439676454869
ELEC,NULL,1439676454936
ELECU,NULL,1439676455057
EBIO,$4.71,1439676455107
ELECW,NULL,1439676455124
ESBK,$19.97,1439676455211
RDEN,$10.34,1439676455227
CAPX,$23.96,1439676455301
LONG,$17.08,1439676455354
ELTK,$1.14,1439676455412
EMCF,$23.68,1439676455434
EMCI,$24.79,1439676455519
EMKR,$7.22,1439676455539
EMMS,$1.24,1439676455648
EMMSP,NULL,1439676455693
NYNY,$4.51,1439676455760
ERS,$3.1,1439676455813
ENTA,$40.29,1439676455854
ECPG,$40.31,1439676455955
ENDP,$84.84,1439676455981
WIRE,$33.61,1439676456006
ECYT,$5.42,1439676456084
ELGX,$13.35,1439676456120
WATT,$7.05,1439676456202
EIGI,$16.42,1439676456272
EFOI,$18.82,1439676456298
ERII,$2.86,1439676456378
EXXI,$1.73,1439676456447
ENOC,$9.01,1439676456580
ENG,$1.14,1439676456641
ENPH,$5.5,1439676456651
ESGR,$161.16,1439676456730
ETRM,$0.25,1439676456827
ENTG,$14.45,1439676456845
ENTL,$22.41,1439676456911
ENFC,$18.39,1439676456964
EBTC,$21.22,1439676457013
EFSC,$24.81,1439676457034
ENVI,$1.82,1439676457185
EGT,$2.23,1439676457194
ENZN,$1.13,1439676457294
EPIQ,$14.12,1439676457420
EPRS,$5.14,1439676457479
PLUS,$74.04,1439676457546
EQFN,$8.34,1439676457586
EPZM,$17.34,1439676457608
EQIX,$284.4569,1439676457658
ERIC,$10.3741,1439676457681
ERIE,$86.8074,1439676457725
ESCR,$0.23,1439676457992
ESCRP,$1.65,1439676458027
ESCA,$18.49,1439676458045
ESPR,$66.5,1439676458121
ESMC,$1.38,1439676458172
ESSA,$12.86,1439676458202
EPIX,$7.15,1439676458333
ESSX,$0.4701,1439676458376
ESND,$36.16,1439676458390
CLWT,$2.6,1439676458499
EEFT,$68.74,1439676458526
ETSY,$17.08,1439676458546
ESEA,$6.46,1439676458599
EVEP,$9.21,1439676458689
EVK,$3.96,1439676458768
EVLV,$2.23,1439676458975
EXA,$10.68,1439676458996
EXAS,$22.94,1439676459015
EVOK,$4.65,1439676459039
EVOL,$6.35,1439676459061
EXAC,$18.29,1439676459205
EXFO,$2.91,1439676459221
EXEL,$5.817,1439676459270
EXPE,$121.71,1439676459370
EXLS,$37.13,1439676459396
EXPD,$49.28,1439676459453
EXPO,$43.78,1439676459607
ESRX,$88.26,1439676459662
EXTR,$2.93,1439676459756
EXLP,$20.99,1439676459765
EYEG,$3.99,1439676459792
EYEGW,NULL,1439676459828
FFIV,$132.61,1439676459936
FB,$94.5,1439676459997
EZPW,$6.12,1439676460012
EZCH,$20.66,1439676460126
FCS,$14.44,1439676460146
FRP,$17.47,1439676460162
FWM,$2.25,1439676460220
FALC,$1.68,1439676460374
FARM,$23.86,1439676460478
FFKT,$26.69,1439676460505
DAVE,$14.94,1439676460682
FATE,$7.46,1439676460696
FARO,$42.16,1439676460708
FMNB,$8.2,1439676460717
FAST,$40.21,1439676460742
FBSS,$15.82,1439676460923
FNHC,$24.34,1439676460998
FDML,$9.8,1439676461058
FEIC,$81.65,1439676461100
FBRC,$23.13,1439676461276
FHCO,$1.52,1439676461285
FENX,$9.83,1439676461314
ONEQ,$198.49,1439676461325
FCSC,$6.57,1439676461341
FDUS,$14.59,1439676461608
FRGI,$54.98,1439676461627
FGEN,$25.9,1439676461674
LION,$20.37,1439676461717
FSCFL,NULL,1439676461790
FSAM,$8.75,1439676461807
FSC,$6.5499,1439676461837
FITBI,$27.83,1439676462100
FSFR,$9.13,1439676462142
FITB,$21.1142,1439676462182
FNTCU,NULL,1439676462290
FNTC,NULL,1439676462334
FISI,$24.39,1439676462366
FNGN,$36.18,1439676462406
FNSR,$17.26,1439676462426
FNJN,$1.81,1439676462502
FNTCW,NULL,1439676462689
FEYE,$43,1439676462710
FBNC,$17.18,1439676462751
FNLC,$18.84,1439676462795
FRBA,$6.02,1439676462885
BUSE,$6.44,1439676462923
FBIZ,$43.95,1439676463015
FCVA,$4.71,1439676463089
FCAP,$26.7,1439676463115
FCFS,$38.37,1439676463362
FCNCA,$252.9,1439676463399
FCLF,$9.19,1439676463454
FCBC,$18.1,1439676463603
FCCO,$12.14,1439676463632
FCFP,$6.8,1439676463713
FDEF,$37.12,1439676463819
FBNK,$16.27,1439676463844
FFNM,$6.33,1439676463905
FFBCW,NULL,1439676463999
FFIN,$32.79,1439676464045
THFF,$33.49,1439676464113
FFBC,$19.26,1439676464133
FFNW,$12.5,1439676464307
FFWM,$21.4,1439676464357
INBK,$35.38,1439676464448
FRME,$26.23,1439676464667
FNBC,$36.64,1439676464757
FMBH,$21.7701,1439676464774
FIBK,$28.13,1439676464814
FMBI,$18.49,1439676464830
FNWB,$12.31,1439676464922
FNFG,$9.7219,1439676464948
FSLR,$51.51,1439676465073
FSGI,$2.5,1439676465099
FSFG,$30.27,1439676465134
BICK,NULL,1439676465319
FSBK,$7.89,1439676465425
FBZ,$10.88,1439676465445
FCAN,$25.82,1439676465492
FCA,$23.1001,1439676465602
FTCS,$38.71,1439676465708
FTSM,$59.91,1439676465906
IFV,$18.98,1439676465961
FV,$24.66,1439676466023
FEMB,NULL,1439676466056
FEUZ,$32.65,1439676466129
TDIV,$26.02,1439676466156
MDIV,$19.84,1439676466173
FTGC,$22.92,1439676466331
FGM,$37.8,1439676466391
FTHI,$21.21,1439676466584
HYLS,$49.79,1439676466611
FPXI,$29.11,1439676466706
YDIV,$17.4,1439676466852
FHK,$36.46,1439676466954
SKYY,$30.5,1439676466985
CU,$13.49,1439676467012
PLTM,NULL,1439676467032
FJP,$50.42,1439676467190
LMBS,NULL,1439676467221
FTLB,NULL,1439676467312
FMB,NULL,1439676467539
CIBR,$19.55,1439676467569
QABA,$39.36,1439676467604
FONE,$36.86,1439676467637
QCLN,$16.04,1439676467693
GRID,NULL,1439676467716
CARZ,$37.03,1439676467957
RDVY,$22.4571,1439676467993
QQXT,$42.59,1439676468201
QTEC,$42.25,1439676468234
QQEW,$44.1,1439676468273
QINC,$21.49,1439676468365
AIRR,$17.07,1439676468509
FTSL,$49.04,1439676468589
FKO,NULL,1439676468667
FDIV,$47.35,1439676468699
TUSA,$26.209,1439676468824
FSZ,$40.72,1439676468860
FTW,$32.574,1439676468899
FMER,$18.76,1439676469166
FUNC,$8.4,1439676469184
SVVC,$10.82,1439676469203
FSV,$32.5,1439676469222
FISV,$89.58,1439676469309
FKU,$44.18,1439676469323
FIVE,$38.41,1439676469338
FIVN,$4.46,1439676469616
FPRX,$18.79,1439676469660
FLML,$21.3267,1439676469821
FLKS,$14.32,1439676469838
FLXN,$23.1,1439676469877
SKOR,NULL,1439676470005
FLXS,$40.54,1439676470133
MBSD,NULL,1439676470205
FLEX,$11.0865,1439676470232
FLDM,$12.89,1439676470251
FFIC,$20.88,1439676470309
FLIR,$30.54,1439676470338
FOMX,$9.79,1439676470571
FOGO,$19.6175,1439676470614
FONR,$9.68,1439676470681
FORM,$6.66,1439676470897
FES,$1.06,1439676471031
FORTY,$34,1439676471126
FORR,$32.43,1439676471235
FBIO,$3.08,1439676471272
FTNT,$46.4459,1439676471394
FORD,$1.34,1439676471424
FWP,$25.84,1439676471537
FWRD,$49.08,1439676471596
FXCB,$17.38,1439676471797
FMI,$20.13,1439676471900
FOSL,$61.4026,1439676471956
FRAN,$11.36,1439676472013
FOXF,$15.88,1439676472038
FELE,$30.34,1439676472208
FRED,$14.51,1439676472526
FREE,$0.49,1439676472608
FEIM,$10.68,1439676472680
RAIL,$22.53,1439676472761
FTR,$5.45,1439676472794
FRPT,$14.61,1439676472806
FTRPR,$107.75,1439676472906
FRPH,$31.35,1439676473011
FSBW,$23.72,1439676473032
FTD,$30.04,1439676473108
FSYS,$6.82,1439676473233
FTEK,$2.33,1439676473322
FULL,$3.24,1439676473345
FCEL,$0.82,1439676473357
FULLL,NULL,1439676473424
FLL,$1.55,1439676473498
FULT,$13.09,1439676473628
FSNN,$2.69,1439676473712
FXEN,$0.99,1439676473724
GK,$71.79,1439676473801
FXENP,$15.84,1439676473831
FFHL,NULL,1439676473899
GLPG,$60.86,1439676473980
WILC,NULL,1439676474001
GALT,$2.38,1439676474074
GAIA,$6.2,1439676474197
GALTW,$0.7729,1439676474282
GALTU,NULL,1439676474438
GLPI,$33.1866,1439676474505
GLMD,$9.18,1439676474548
GALE,$1.42,1439676474580
GRMN,$39.9,1439676474590
GPIC,$10.89,1439676474602
GGAC,NULL,1439676474631
GGACR,NULL,1439676474770
GGACU,$10.04,1439676474787
GARS,$14.8,1439676474919
GGACW,NULL,1439676474989
GNCMA,$17.92,1439676475014
GENC,$9.54,1439676475061
GFN,$4.1,1439676475156
GFNCP,$92.98,1439676475183
GFNSL,$26,1439676475257
GNMK,$9.2,1439676475377
GENE,$2.66,1439676475431
GNCA,$13.01,1439676475475
THRM,$48.66,1439676475512
GNTX,$15.6781,1439676475537
GHDX,$24.85,1439676475609
GNVC,$2.45,1439676475731
GTWN,$18.34,1439676475758
GEOS,$15.73,1439676475776
GABC,$29.38,1439676475925
GERN,$3.08,1439676475943
GEVO,$2.17,1439676475964
ROCK,$18.72,1439676476016
GIGM,$0.653,1439676476089
GIII,$69.71,1439676476221
GIGA,$1.52,1439676476293
GLADO,$25.59,1439676476405
GILD,$115.747,1439676476445
GILT,$4.54,1439676476475
GOOD,$15.94,1439676476584
GBCI,$28.12,1439676476619
GOODN,NULL,1439676476650
GOODO,NULL,1439676476716
GOODP,$25.4,1439676476757
GAINN,$25.23,1439676476820
GLAD,$8.23,1439676476870
GAIN,$7.96,1439676476891
GAINO,$25.56,1439676476985
GAINP,$26.05,1439676477020
LAND,$9.61,1439676477097
GLBZ,$11.72,1439676477237
GDEF,NULL,1439676477334
GPACU,$10.05,1439676477392
GBT,$45.69,1439676477441
GBLI,$27.28,1439676477480
ACTX,$14.1325,1439676477519
ENT,$12.15,1439676477539
SOCL,$18.74,1439676477675
GSOL,$8.53,1439676477714
QQQC,$21.61,1439676477789
YLCO,$12.28,1439676477831
ALTY,$14.9103,1439676477869
SRET,$13.89,1439676477970
GAI,$5.58,1439676478120
GSM,$14.08,1439676478154
GLUU,$4.65,1439676478252
GBIM,$2.48,1439676478314
GLRI,$1.2,1439676478328
GLBS,$1.0792,1439676478355
GLYC,$7.56,1439676478479
GLNG,$37.9,1439676478523
GOGO,$16.57,1439676478543
GMLP,$20.6,1439676478593
GDEN,$9.26,1439676478678
GLDC,$4.2,1439676478711
GOGL,$3.6,1439676478790
GBDC,$16.51,1439676478892
GTIM,$7.31,1439676478940
GOOGL,$688.97,1439676479161
GOOG,$658,1439676479175
GPRO,$58.85,1439676479237
GPIA,NULL,1439676479282
GMAN,$4.57,1439676479294
GPIAW,NULL,1439676479320
GPIAU,NULL,1439676479405
GRVY,$3.4,1439676479509
GBSNU,NULL,1439676479587
LOPE,$39.22,1439676479653
GBSN,$2.45,1439676479677
GLDD,$5.64,1439676479844
GSBC,$41.622,1439676479870
GNBC,$13.55,1439676479960
GRBK,$14.12,1439676479971
GPP,$14.9,1439676480026
GPRE,$23.42,1439676480054
GCBC,$28.4,1439676480092
GLRE,$26.59,1439676480140
GRFS,$32.33,1439676480314
GRPN,$4.33,1439676480340
GRIF,$30.89,1439676480395
OMAB,$42.61,1439676480412
GGAL,$20.76,1439676480473
GSIG,$13.51,1439676480602
GSIT,$5.01,1439676480743
GSVC,$9.52,1439676480768
GBNK,$16.2,1439676480804
GTXI,$0.9388,1439676480857
GFED,$15.05,1439676480881
GULTU,$0.396,1439676480923
GUID,$9.1,1439676480984
GIFI,$12.03,1439676481138
GURE,$1.935,1439676481211
GYRO,$2.89,1439676481344
GWPH,$111.18,1439676481373
GPOR,$35.97,1439676481396
GWGH,$7.76,1439676481462
HLG,$9.5,1439676481494
HALL,$11.29,1439676481616
HEES,$17.38,1439676481644
HNRG,$7.58,1439676481703
HBK,$13.72,1439676481780
HMPR,$2,1439676481793
HALO,$19.17,1439676481873
HBHC,$29.13,1439676481920
HBHCL,$24.66,1439676481978
HAFC,$25.83,1439676482171
HNH,$28.81,1439676482296
HQCL,$11.05,1439676482320
HNSN,$0.52,1439676482355
HDNG,$9.16,1439676482404
HRMN,NULL,1439676482460
HLIT,$5.84,1439676482490
HRMNU,NULL,1439676482527
TINY,$2.6,1439676482608
HBIO,$4.53,1439676482798
HCAP,$12.26,1439676482867
HCAPL,NULL,1439676482897
HA,$25.25,1439676483030
HAS,$80.7003,1439676483046
HRMNW,NULL,1439676483126
HCOM,$22.88,1439676483269
HAYN,$41,1439676483294
HWBK,$13.97,1439676483317
HDS,$34.89,1439676483386
HWKN,$38.14,1439676483413
HCSG,$34.72,1439676483476
HIIQ,$4.57,1439676483541
HSTM,$25.74,1439676483663
HWAY,$12.46,1439676483791
HQY,$32.71,1439676483817
HTLD,$21.36,1439676483883
HTWR,$87.48,1439676483917
HSII,$20.15,1439676483969
HTLF,$37.86,1439676484033
HTBX,$5.6,1439676484070
HELE,$90.71,1439676484082
HMTV,$13.34,1439676484226
HNNA,$23.4,1439676484281
HMNY,$2.44,1439676484297
HERO,$0.067,1439676484417
HCACU,NULL,1439676484472
HSIC,$145.1,1439676484536
HTBK,$11.06,1439676484597
HEOP,$8.01,1439676484758
HCCI,$12.7,1439676484788
HFWA,$18.37,1439676484810
MLHR,$28.5366,1439676484898
HFFC,$16.62,1439676484983
HRTX,$29.6,1439676485041
HPJ,$2.73,1439676485062
HSKA,$34.01,1439676485098
HIHO,$3.9,1439676485184
HIBB,$41.35,1439676485204
HIMX,$6.81,1439676485316
HSGX,$6.65,1439676485448
HIFS,$119.8,1439676485470
HMNF,NULL,1439676485494
HMSY,$9.35,1439676485534
HOLI,$19.2,1439676485648
HOLX,$42.45,1439676485674
HOMB,$41.19,1439676485707
HBCP,$24.8,1439676485865
AWAY,$30.73,1439676485925
HMIN,$29.2,1439676485950
HFBL,$21.7,1439676485968
HMST,$22.29,1439676486016
HTBI,$18.5,1439676486047
HKTV,$5.2,1439676486328
CETC,$1.04,1439676486367
HOFT,$25.16,1439676486384
HZNP,$30.5,1439676486490
HFBC,$11.77,1439676486514
HBNC,$24.85,1439676486535
HRZN,$11.13,1439676486706
HDP,$26.39,1439676486729
HMHC,$23.73,1439676486761
ZINC,$8.76,1439676486794
HWCC,$7.5,1439676486874
HBMD,$13.61,1439676486909
HOVNP,$5.44,1439676486944
HSNI,$63.4,1439676487070
HUBG,$42.07,1439676487119
HTGM,$5.8,1439676487153
HDSN,$3.21,1439676487403
HBAN,$11.8024,1439676487432
HCBK,$10.3021,1439676487537
HTCH,$1.65,1439676487572
HURC,$31.07,1439676487584
HURN,$75.5,1439676487644
HBP,$3.15,1439676487666
HSON,$2.86,1439676487684
HDRA,NULL,1439676487773
HBANP,$1356.9999,1439676487811
HDRAU,NULL,1439676487889
HDRAR,NULL,1439676487941
HDRAW,NULL,1439676488070
HYGS,$7.75,1439676488122
IKGH,$1.7,1439676488258
IDSY,$4.03,1439676488330
IACI,$74.71,1439676488363
ICAD,$3.53,1439676488376
IBKC,$63.88,1439676488401
ICFI,$35.33,1439676488466
IEP,$73.43,1439676488498
ICON,$13.7284,1439676488547
IPWR,$7.77,1439676488729
ICLR,$82.2992,1439676488777
INVE,$4.28,1439676488800
ICUI,$121.81,1439676488855
IDRA,$2.67,1439676488892
IDXX,$77.61,1439676488944
DSKY,$12.3,1439676489020
IROQ,$16.6,1439676489163
IRG,$4.57,1439676489184
IKAN,$2.73,1439676489277
KANG,$16.5124,1439676489304
IKNX,$11.49,1439676489410
RXDX,$13.12,1439676489447
IIVI,$17.84,1439676489468
ILMN,$208.07,1439676489509
ISNS,$4.23,1439676489650
IMMR,$12.49,1439676489714
ICCC,$9.31,1439676489785
IMGN,$13.58,1439676489824
IMMU,$1.79,1439676490019
IPXL,$45.17,1439676490058
IMDZ,$16.81,1439676490094
INCR,$44.47,1439676490153
IMMY,$7.75,1439676490213
INCY,$105.8,1439676490264
SAAS,$8.1,1439676490292
INDB,$48.15,1439676490385
IBCP,$14.61,1439676490429
IDSA,$3.86,1439676490590
IBTX,$43.82,1439676490622
IPCC,$78.38,1439676490771
INFI,$9.2,1439676490824
III,$4.34,1439676490884
IFON,$1.36,1439676490928
IMKTA,$54.36,1439676490981
INWK,$7.9,1439676491112
INFN,$24.12,1439676491135
INNL,$12.91,1439676491167
IPHS,$51.08,1439676491191
INOD,$2.61,1439676491294
IOSP,$46.32,1439676491375
INGN,$51.74,1439676491501
ISSC,$2.96,1439676491592
INO,$7.2,1439676491711
ITEK,$14.43,1439676491772
INOV,$21.48,1439676491828
IIIN,$18.04,1439676491888
INSM,$25.77,1439676491901
NSIT,$26.63,1439676491959
ISIG,$2.58,1439676492041
PODD,$31.6,1439676492059
INSY,$34.96,1439676492152
IART,$62.04,1439676492304
NTEC,$6.1,1439676492388
IESC,$7.09,1439676492419
IDTI,$19.19,1439676492489
ISSI,$22.24,1439676492572
IPCI,$2.28,1439676492778
IQNT,$17.85,1439676492825
ININ,$40.56,1439676492853
INTC,$29.02,1439676492889
IBKR,$42.1984,1439676492963
ICLDW,$0.97,1439676493042
ICPT,$212,1439676493078
IPAR,$28.72,1439676493228
ICLD,$1.82,1439676493282
IDCC,$49.76,1439676493323
TILE,$25.68,1439676493343
IMI,$2.04,1439676493418
INAP,$8.82,1439676493565
IBOC,$27.49,1439676493692
IIJI,$10.16,1439676493741
ISCA,$33.29,1439676493766
INPH,$0.325,1439676493826
PTNT,$3.09,1439676493853
IGLD,$7.5,1439676493894
INTX,$2.5,1439676494075
ISIL,$10.95,1439676494239
IILG,$21.35,1439676494277
IVAC,$5.17,1439676494314
XENT,$28.56,1439676494342
INTL,$29.26,1439676494370
INTLL,$25.67,1439676494465
IIN,$6.94,1439676494615
ITCI,$29.57,1439676494689
ISRG,$529.87,1439676494730
INTU,$105.62,1439676494746
INVT,$0.3,1439676494782
ISTR,$15.88,1439676494829
ISBC,$12.28,1439676494861
SNAK,$8.77,1439676494926
ITIC,$71.94,1439676495177
NVIV,$11.16,1439676495260
IPAS,$1.06,1439676495313
DTUL,NULL,1439676495339
DFVL,NULL,1439676495375
IVTY,$11.09,1439676495489
IPCM,$79.41,1439676495518
IPGP,$91.88,1439676495537
IRMD,$26.24,1439676495609
IRDMB,$271.5,1439676495659
IRDM,$6.94,1439676495778
IRBT,$31.47,1439676495829
IRIX,$6.92,1439676495877
IRWD,$11.525,1439676495893
IRCP,NULL,1439676495942
COMT,$33.86,1439676496046
GNMA,$50.05,1439676496288
FCHI,$50.74,1439676496362
IFAS,$29.26,1439676496410
IFNA,$55.4,1439676496445
IFEU,$40.39,1439676496470
ACWI,$59.29,1439676496513
ACWX,$43.37,1439676496530
IFGL,$30.21,1439676496541
AXJS,NULL,1439676496704
EEMA,$53.77,1439676496814
AAXJ,$57.07,1439676496832
EEME,NULL,1439676496955
EMDI,$47.89,1439676496994
EMEY,NULL,1439676497084
EGRW,$51.5,1439676497221
AAIT,$31.02,1439676497237
EVAL,$37.85,1439676497295
EEML,NULL,1439676497347
EUFN,$23.28,1439676497416
IEUS,$47.69,1439676497443
QAT,NULL,1439676497465
UAE,$19.68,1439676497639
IBB,$366.737,1439676497688
SOXX,$85.55,1439676497704
EMIF,$30.56,1439676497728
ICLN,$10.32,1439676497831
WOOD,$51.26,1439676497865
IGOV,$90.43,1439676498104
ISHG,$78.93,1439676498143
INDY,$30.13,1439676498174
ITRI,$33.58,1439676498184
ISLE,$18.79,1439676498209
ISIS,$50.05,1439676498279
ISRL,$138.85,1439676498300
ITRN,$25.96,1439676498381
XXIA,$15.76,1439676498534
JJSF,$118.66,1439676498593
IXYS,$11.08,1439676498653
ITUS,$3.99,1439676498672
MAYS,$58.25,1439676498729
JBHT,$80.35,1439676498804
JCOM,$73.25,1439676498885
JASO,$8.04,1439676498932
JKHY,$71.2342,1439676499090
JXSB,$24.19,1439676499155
JAGX,$2.7,1439676499177
JAXB,$13.4,1439676499186
JACK,$87.48,1439676499209
JAKK,$9.81,1439676499279
JMBA,$13.82,1439676499323
JRVR,$26.76,1439676499458
ERW,NULL,1439676499510
JASN,$5.31,1439676499633
JD,$28.1,1439676499706
JAZZ,$184.46,1439676499762
JTPY,$2.97,1439676499782
JCTCF,$9.72,1439676499853
JBLU,$24,1439676499904
WYIGU,$10.14,1439676500064
DATE,$6.58,1439676500082
JST,$4.4,1439676500152
JASNW,$0.25,1439676500188
JOEZ,$0.19,1439676500201
JIVE,$4.12,1439676500246
JBSS,$48.38,1439676500301
JOUT,$24.81,1439676500455
JNP,$9.87,1439676500546
JUNO,$39.053,1439676500615
KBIO,$1.92,1439676500691
KTWO,$21.14,1439676500702
KALU,$85.24,1439676500720
KMDA,$3.88,1439676500798
KCLI,$47.97,1439676501040
KNDI,$6.84,1439676501080
KCAP,$5.06,1439676501111
KELYA,$14.81,1439676501140
KPTI,$12.02,1439676501152
KBSF,$3.76,1439676501211
KRNY,$11.55,1439676501277
KMPH,$21.45,1439676501430
KELYB,NULL,1439676501552
KERX,$6.05,1439676501570
KFFB,$8.29,1439676501617
GMCR,$50.59,1439676501677
KEQU,$17.47,1439676501806
KFRC,$28.01,1439676501826
KTCC,$9.96,1439676501846
KTEC,$12.3,1439676501942
KE,$11.5575,1439676501978
KBAL,$11.62,1439676502042
KIN,$5.9,1439676502113
KONE,$4.07,1439676502217
KINS,$8.17,1439676502236
KGJI,$0.73,1439676502334
KIRK,$26.64,1439676502412
KLAC,$51.2,1439676502459
KITE,$56.403,1439676502561
KLXI,$38.92,1439676502821
KOPN,$2.66,1439676502850
KRNT,$13.16,1439676502864
KWEB,$34.24,1439676502888
KONA,$20.32,1439676502913
KOSS,$2.64,1439676502966
KZ,$7.08,1439676503036
KTOS,$4.84,1439676503062
KUTV,$0.82,1439676503291
KLIC,$10.25,1439676503308
KYTH,$74.61,1439676503369
KVHI,$10.6,1439676503435
FSTR,$19.5,1439676503528
LJPC,$25.24,1439676503609
LSBK,$13.3,1439676503657
LSBG,$14.92,1439676503676
LKFN,$42.35,1439676503734
LBAI,$11.32,1439676503758
LAKE,$10.06,1439676503800
LAMR,$57.24,1439676503853
LRCX,$71.073,1439676503991
LANC,$95.0586,1439676504012
LNDC,$13.04,1439676504146
LARK,$27.49,1439676504164
LE,$23.03,1439676504309
LMRK,$15.6,1439676504386
LTRX,$1.31,1439676504444
LSCC,$4.05,1439676504477
LAWS,$25.1,1439676504554
LPSB,$14.24,1439676504581
LSTR,$69.03,1439676504602
LNTH,$7.45,1439676504630
LCNB,$16.29,1439676504749
LBIX,$3.42,1439676504897
LDRH,$40.54,1439676504917
LAYN,$8.19,1439676504946
LGCYO,$16.5,1439676505082
LGCY,$7.14,1439676505137
TREE,$133.71,1439676505295
LGCYP,$15.8,1439676505324
LTXB,$28.952,1439676505338
LMAT,$13.61,1439676505375
LXRX,$10.48,1439676505392
LGIH,$26.53,1439676505460
LHCG,$47.48,1439676505644
LBRDA,$54.51,1439676505695
LBRDK,$53.78,1439676505719
LBTYA,$52.02,1439676505766
LBTYB,NULL,1439676505805
LILA,$39.31,1439676505955
LILAK,$39.09,1439676506060
LBTYK,$48.17,1439676506083
QVCA,$30.26,1439676506179
QVCB,NULL,1439676506197
LVNTA,$41.58,1439676506226
LMCA,$38.28,1439676506273
LVNTB,NULL,1439676506311
LMCK,$37.87,1439676506349
LMCB,NULL,1439676506524
TAX,$24.44,1439676506586
LTRPB,NULL,1439676506655
LTRPA,$26.38,1439676506686
LPNT,$81.8473,1439676506790
LFVN,$0.72,1439676506857
LWAY,$14.84,1439676506916
LCUT,$14.92,1439676506941
LTBR,$1.05,1439676506976
LGND,$93.84,1439676507002
LLEX,$0.83,1439676507073
LPTH,$1.7,1439676507166
LIME,$3.72,1439676507227
LLNW,$2.7,1439676507314
LMNR,$19.48,1439676507381
LINC,$1.05,1439676507512
LIND,$9.6,1439676507557
LECO,$62.05,1439676507593
LLTC,$41.24,1439676507770
LINDW,$1.5,1439676507794
LNCO,$3.08,1439676507833
LINE,$3.14,1439676507851
LBIO,$7.15,1439676507896
LPCN,$16.51,1439676507970
LIOX,$5.99,1439676508012
LIQD,$0.13,1439676508116
LQDT,$7.95,1439676508198
LFUS,$92.91,1439676508284
LOB,$19.22,1439676508370
LMIA,$11.96,1439676508504
LIVE,$1.97,1439676508525
LPSN,$9.2,1439676508600
LKQ,$31.5262,1439676508655
LNBB,$19.38,1439676508679
LOGM,$70.66,1439676508750
LOGI,$13.6,1439676508791
LOJN,$3.54,1439676508857
LOOK,$0.6,1439676508987
LORL,$61.48,1439676509028
EVAR,$3.95,1439676509068
LABC,$23.99,1439676509092
LPLA,$42.8386,1439676509259
LOXO,$19.83,1439676509302
LPTN,$0.235,1439676509337
LRAD,$1.72,1439676509471
LULU,$65.1622,1439676509705
LMNS,$13.88,1439676509780
LITE,$20.33,1439676509830
LYTS,$9.53,1439676509854
LMNX,$19.26,1439676509884
LMOS,$13.2,1439676510026
LUNA,$1.17,1439676510089
MBTF,$6,1439676510349
MTSI,$32.84,1439676510667
MCUR,$12.89,1439676510864
MCBC,$5.3,1439676510927
MFNC,$10.745,1439676510985
MGNX,$30.82,1439676511033
MCBK,NULL,1439676511054
MGLN,$58.05,1439676511102
MAGS,$4.12,1439676511175
MGIC,$6.77,1439676511302
MNGA,$1.03,1439676511373
MPET,$2.04,1439676511420
MAG,$49.91,1439676511440
CALL,$8.7,1439676511518
MHLD,$16.39,1439676511543
MGYR,$10.03,1439676511644
MSFG,$21.52,1439676511680
MHLDO,NULL,1439676511716
COOL,$1.44,1439676511949
MLVF,$15.8,1439676512044
MBUU,$19.03,1439676512086
MAMS,$6.15,1439676512125
MMYT,$13.2315,1439676512149
MANH,$65.39,1439676512215
MNTX,$6.74,1439676512305
LOAN,$3.78,1439676512322
MTEX,$18.84,1439676512506
MARA,$3.1,1439676512524
MANT,$28.72,1439676512563
MNKD,$4.08,1439676512590
MCHX,$4.16,1439676512623
MARPS,$6.1,1439676512653
MKTX,$96.38,1439676512906
MRNS,$15.17,1439676512923
MRKT,$29.114,1439676512976
MKTO,$29.35,1439676513044
MRTN,$19.09,1439676513165
MAR,$71.8525,1439676513193
MRLN,$13.83,1439676513216
MBII,$1.95,1439676513276
MRVL,$12.43,1439676513326
MASI,$42.7,1439676513380
MMLP,$28.34,1439676513404
MTLS,$8.1,1439676513424
MAT,$23.0872,1439676513530
MTRX,$20.53,1439676513611
MATR,$6.35,1439676513671
MATW,$53.36,1439676513699
MFRM,$62.86,1439676513860
MZOR,$12.94,1439676514004
MTSN,$2.67,1439676514030
MBFIP,$26.87,1439676514057
MBFI,$33.65,1439676514089
MXIM,$33.9069,1439676514118
MXWL,$5.24,1439676514155
MCFT,$16.175,1439676514184
MCGC,$4.36,1439676514370
MCOX,$3.3,1439676514419
MDCA,$19.41,1439676514444
MGRC,$26.14,1439676514469
TAXI,$8.16,1439676514587
MDAS,$21.58,1439676514757
MDSO,$52.59,1439676514849
MTBC,$2.26,1439676514897
MDGS,NULL,1439676514932
MDWD,$7.01,1439676514956
MNOV,$3.61,1439676514974
MDVN,$98.99,1439676515008
MDVXW,NULL,1439676515117
MDVX,$2.74,1439676515266
MEET,$1.59,1439676515315
MEIP,$1.6,1439676515429
MELR,$14.45,1439676515458
MPEL,$21.94,1439676515491
MLNX,$42.6314,1439676515514
MELA,$1.14,1439676515541
MEMP,$6.79,1439676515721
MTSL,$1.48,1439676515750
MRD,$19.35,1439676515770
MBWM,$20.59,1439676515903
MELI,$119.75,1439676515962
MENT,$26.21,1439676516014
MERC,$11.3669,1439676516040
MBVT,$29.08,1439676516077
MRCY,$16.02,1439676516323
EBSB,$12.75,1439676516343
MRGE,$7.11,1439676516363
VIVO,$18.18,1439676516394
MMSI,$24.69,1439676516481
MSLI,$1.88,1439676516552
MACK,$10.56,1439676516565
CASH,$48.45,1439676516740
MLAB,$115.71,1439676516770
MEOH,$44.58,1439676516838
MBLX,$2.64,1439676516868
MEILW,NULL,1439676516981
MEIL,$0.34,1439676517024
MFRI,$5.52,1439676517137
METR,$29.99,1439676517161
MEILZ,NULL,1439676517227
MGCD,$5.28,1439676517282
MGEE,$40.14,1439676517298
MCHP,$43.29,1439676517403
MGPI,$15.96,1439676517428
MICT,$2.96,1439676517569
MU,$16.99,1439676517667
MSTR,$218.8,1439676517787
MICTW,NULL,1439676517807
MSCC,$33.38,1439676517826
MVIS,$3.06,1439676517878
MSFT,$47.097,1439676517899
MPB,$16.45,1439676517944
MCEP,$2.99,1439676518063
MBRG,$18.34,1439676518125
MOFG,$31.47,1439676518322
MSEX,$23.24,1439676518351
MBCN,$32,1439676518418
MDXG,$9.34,1439676518449
MNDO,$2.71,1439676518506
MB,$12.33,1439676518734
NERV,$5.63,1439676518806
MSON,$9.39,1439676518868
MITK,$3.63,1439676518892
MIND,$4.4,1439676518924
MRTX,$22.5,1439676518944
MITL,$7.96,1439676519000
MMAC,$13.55,1439676519014
MKSI,$35.44,1439676519108
MOBL,$4.69,1439676519279
MINI,$34.79,1439676519300
MDSY,$1.55,1439676519413
MOLG,$1.14,1439676519460
MOCO,$13.81,1439676519476
MLNK,$3.16,1439676519494
MOKO,$3.65,1439676519610
MOMO,$16.0127,1439676519644
MNRK,$13.18,1439676519682
MCRI,$18.56,1439676519760
MNTA,$21.67,1439676519798
MDLZ,$46.49,1439676519893
MGI,$10.14,1439676519998
TYPE,$23.37,1439676520030
MPWR,$50.89,1439676520049
MNRO,$66.33,1439676520169
MRCC,$14.96,1439676520207
MNST,$150.41,1439676520275
MHGC,$5,1439676520361
MOSY,$1.49,1439676520385
MPAA,$31.62,1439676520500
MDM,$3.24,1439676520868
MORN,$84.3369,1439676520887
MRVC,$16.94,1439676521369
MSBF,$11.66,1439676521518
MTSC,$64.82,1439676521569
LABL,$68.81,1439676521693
MYOS,$3.04,1439676521949
MFSF,$23.96,1439676521995
MYRG,$29.54,1439676522016
MYGN,$33.863,1439676522077
MFLX,$18.09,1439676522097
MYL,$54.4,1439676522117
NSPH,$2.31,1439676522181
NANO,$14.35,1439676522280
NSTG,$14.88,1439676522346
NK,$22.58,1439676522392
NTRA,$15.76,1439676522419
NSSC,$5.95,1439676522449
NAUH,$2.83,1439676522497
NATH,$36.3,1439676522566
NKSH,$31.97,1439676522630
FIZZ,$25,1439676522844
NGHCP,$24.9,1439676522993
NGHC,$19.76,1439676523033
NHLD,$3.47,1439676523051
NCOM,$24.94,1439676523074
NGHCO,$24.98,1439676523100
NATI,$29.41,1439676523114
NCMI,$14.7,1439676523147
NATL,$27.98,1439676523182
NRCIB,$33.55,1439676523383
NRCIA,$13.26,1439676523404
NSEC,$13.24,1439676523518
NWLI,$236.5,1439676523531
NPBC,$10.95,1439676523576
NAII,$5.94,1439676523699
NHTC,$30.23,1439676523726
NVSL,$10.75,1439676523801
NAVI,$14.763,1439676523859
BABY,$44.83,1439676523891
NATR,$12.94,1439676523905
NBTB,$26.75,1439676523992
NKTR,$11.21,1439676524049
NCIT,$12.89,1439676524185
NEO,$6.34,1439676524244
NEOG,$55,1439676524287
NEON,$2.59,1439676524327
NEOS,$20.63,1439676524351
NEOT,$12.37,1439676524503
NRX,$4.04,1439676524555
NVCN,$4.79,1439676524615
NEPT,$1.41,1439676524640
UEPS,$20.4851,1439676524659
NFLX,$123.16,1439676524725
NETE,$0.2113,1439676524832
NTAP,$30.75,1439676524849
NTES,$126.6,1439676524880
NTGR,$32.65,1439676525110
NLST,$0.42,1439676525143
NBIX,$46.05,1439676525300
NTCT,$41.16,1439676525311
NDRM,$22.23,1439676525335
NTWK,$5.32,1439676525373
CUR,$1.32,1439676525445
NUROW,NULL,1439676525462
NYMT,$6.63,1439676525542
NURO,$0.96,1439676525560
NYMTO,$20.905,1439676525674
NEWP,$15.98,1439676525813
NYMTP,$22.22,1439676525845
NBBC,$8.28,1439676525904
NLNK,$46.35,1439676525967
NWS,$14.915,1439676526010
NWSA,$15.2155,1439676526099
NEWS,$11.7,1439676526155
NEWT,$18.31,1439676526217
NVET,$4.65,1439676526318
NXST,$52.87,1439676526385
NFEC,$1.16,1439676526410
EGOV,$20,1439676526434
NIHD,$9.12,1439676526479
NICE,$66.8039,1439676526503
NICK,$13.1,1439676526702
NDLS,$12.76,1439676526834
NMIH,$8.85,1439676526909
NVLS,$17.24,1439676526928
NDSN,$74.11,1439676526963
NNBR,$24.35,1439676526983
NTK,$74.63,1439676527029
NSYS,$4.33,1439676527046
NBN,$10.79,1439676527075
NECB,$7.9,1439676527222
NFBK,$15.29,1439676527370
NTRSP,$25.76,1439676527388
NTRS,$77.7155,1439676527409
NTIC,$15.96,1439676527461
NRIM,$26.78,1439676527493
NWBI,$12.838,1439676527730
NWBOW,$5.84,1439676527772
NWBO,$9.57,1439676527792
NCLH,$59.4,1439676527801
NWPX,$17.48,1439676527842
NWFL,$29.4,1439676527905
NVFY,$2.53,1439676527952
NVMI,$12.15,1439676528025
MIFI,$2.55,1439676528194
NVAX,$13.34,1439676528284
NTLS,$9.23,1439676528307
NVDQ,$11.64,1439676528349
NMRX,$8.51,1439676528468
NUAN,$18.375,1439676528534
NUTR,$24.09,1439676528548
NVGN,$3.11,1439676528596
NUVA,$53.07,1439676528651
QQQX,$19.01,1439676528669
NTRI,$29.71,1439676528714
NVEC,$56.24,1439676528803
NVEE,$24.63,1439676528900
NXPI,$91.7,1439676529006
NVDA,$23.58,1439676529085
NXTM,$18.27,1439676529149
NXTD,$1.48,1439676529168
NYMX,$2.54,1439676529205
OIIM,$2.37,1439676529303
OVLY,$9.75,1439676529363
OCAT,$3.1,1439676529378
OBCI,$2.8,1439676529449
NXTDW,$0.6,1439676529467
OPTT,$0.52,1439676529515
ORIG,$3.37,1439676529544
OSHC,$15.11,1439676529615
OCFC,$18.94,1439676529700
OCRX,$3.92,1439676529854
OCLSW,$0.32,1439676529992
OCLR,$2.8,1439676530025
OFED,NULL,1439676530050
OCLS,$1.2,1439676530082
OMEX,$0.362,1439676530101
OCUL,$18.82,1439676530144
OFS,$11.25,1439676530203
ODP,$7.76,1439676530250
OHAI,$4.99,1439676530415
OHRP,$2.84,1439676530432
OVBC,$23.2,1439676530563
OLBK,$15.75,1439676530617
ODFL,$73.14,1439676530676
ONB,$14.76,1439676531445
OPOF,$15.78,1439676531526
OSBC,$6.22,1439676531647
OSBCP,$9.95,1439676531694
OFLX,$32.83,1439676531721
OLLI,$19.91,1439676531733
OMER,$13.5,1439676531773
ZEUS,$12.91,1439676531798
OMCL,$36.28,1439676531851
OVTI,$24.95,1439676531949
OTIV,$1.02,1439676532020
ONCY,$0.54,1439676532093
ON,$9.76,1439676532138
OGXI,$2.97,1439676532155
ONTX,$2.4415,1439676532214
OMED,$21.11,1439676532233
ONCS,$5.96,1439676532514
ONFC,$20.48,1439676532626
OTEX,$45.87,1439676532646
OHGI,$1.47,1439676532665
ONTY,$3.15,1439676532685
OPGN,$2.49,1439676532728
ONVI,$4.17,1439676532750
OPXA,$0.39,1439676532796
OPXAW,$0.09,1439676533044
OPGNW,$0.5,1439676533066
OBAS,NULL,1439676533114
OCC,$3.58,1439676533134
OPHT,$51.02,1439676533147
OPHC,NULL,1439676533167
OPB,$37.85,1439676533257
ORMP,$6.25,1439676533410
ORBC,$5.84,1439676533493
ORBK,$18.23,1439676533551
ORLY,$254.37,1439676533573
OSUR,$5.45,1439676533589
OREX,$3.5,1439676533681
SEED,$1.3,1439676533710
ORIT,$15.59,1439676533781
ORRF,$17.48,1439676533902
OSIS,$70.26,1439676533928
OSIR,$17.26,1439676533951
OFIX,$38.95,1439676534036
OSN,$0.8101,1439676534094
OESX,$2.06,1439676534152
OTEL,$5.3,1439676534175
OTIC,$22.64,1439676534298
OTTR,$27.82,1439676534339
OVAS,$23,1439676534462
OXBRW,NULL,1439676534513
OUTR,$64.6,1439676534594
OSTK,$21.3,1439676534606
OXBR,$6.4,1439676534637
OXLCN,$25.41,1439676534658
OXFD,$13.41,1439676534681
OXLC,$13.85,1439676534959
OXGN,$1.39,1439676534971
PFIN,$9.95,1439676535007
PCAR,$62.92,1439676535050
PTSI,$46.41,1439676535071
OXLCO,$24.08,1439676535086
PACB,$4.52,1439676535120
PCBK,$13.32,1439676535296
PDVW,$34.13,1439676535503
PPBI,$20.09,1439676535548
PMBC,$7.24,1439676535569
PEIX,$7.74,1439676535582
PSUN,$0.4573,1439676535603
PCRX,$60.94,1439676535645
PACW,$46.5593,1439676535834
PLMT,$19.818,1439676535916
PAAS,$6.92,1439676535931
PTIE,$1.78,1439676535975
FRSH,$14.93,1439676536004
PNRA,$195.6,1439676536066
PANL,$3.31,1439676536108
PZZA,$72.48,1439676536136
PRGN,$0.8485,1439676536273
PRGNL,$11.66,1439676536456
PRTK,$24.48,1439676536473
PRXL,$68.08,1439676536506
PKBK,$12.68,1439676536568
PRKR,$0.27,1439676536658
PCYG,$12.42,1439676536678
PSTB,$7.05,1439676536737
PKOH,$42.36,1439676536844
PBHC,$11.49,1439676536882
PARN,$4.62,1439676536899
PTNR,$4.43,1439676536921
PATK,$39.24,1439676537017
PNBK,$17.95,1439676537092
PATI,$22.04,1439676537169
PEGI,$22.83,1439676537226
PDCO,$49.79,1439676537378
PTEN,$16.73,1439676537421
PCTY,$34.77,1439676537478
PYPL,$38.12,1439676537497
PAYX,$48.17,1439676537540
PYDS,$4.75,1439676537656
PCMI,$10.22,1439676537715
PCTI,$6.08,1439676537727
PCCC,$21.61,1439676537770
PDFS,$13.44,1439676537842
PDCE,$55.79,1439676537859
PDII,$2,1439676537915
PDLI,$5.88,1439676538016
PGC,$21.28,1439676538194
PEGA,$26.8,1439676538216
SKIS,$7.13,1439676538286
PENN,$18.61,1439676538383
PFLT,$12.89,1439676538404
PCO,$1.49,1439676538420
PNNT,$7.8134,1439676538594
PTXP,$18.74,1439676538661
PWOD,$42.54,1439676538681
PEBO,$21.79,1439676538712
PEBK,$19.49,1439676538854
PFBX,$9.75,1439676538875
PFIS,$37.55,1439676538889
PBCT,$16.4733,1439676538977
PUB,$17.58,1439676539019
PPHM,$1.16,1439676539110
PPHMP,NULL,1439676539173
PRFT,$16.49,1439676539194
PFMT,$2.82,1439676539370
PERF,$5.59,1439676539391
PSEM,$12.62,1439676539400
PRCP,$10.24,1439676539572
PERI,$2.51,1439676539583
PESI,$3.73,1439676539641
PERY,$23.46,1439676539662
PRSN,$0.549,1439676539744
PTX,$4.7,1439676539910
PETS,$16.85,1439676539930
PRSNW,$0.14,1439676540012
PGTI,$13.1616,1439676540045
PGLC,$5.48,1439676540076
PHII,NULL,1439676540100
PHIIK,$27.37,1439676540123
PFSW,$13.18,1439676540143
PHMD,$1.06,1439676540423
PAHC,$37.19,1439676540455
PICO,$12.8,1439676540497
PIRS,$3.49,1439676540535
PLAB,$7.89,1439676540576
PME,$1.25,1439676540624
PPC,$22.82,1439676540645
PPSI,$6.5,1439676540816
PXLW,$4.83,1439676540875
PLNR,$5.9537,1439676540885
PLPM,$2.87,1439676540936
PLXS,$38.33,1439676540961
PNFP,$52.19,1439676541051
PLUG,$2.29,1439676541064
PLBC,$9.305,1439676541091
PSTI,$2.19,1439676541294
PBSK,$15.77,1439676541501
PMFG,$6.61,1439676541569
PMCS,$6.47,1439676541624
PBCP,$12.35,1439676541636
POOL,$71.5214,1439676541667
PNTR,$6.1,1439676541687
PLCM,$11.24,1439676541784
PCOM,$9.82,1439676541826
PLKI,$56.92,1439676541971
BPOPN,$20.2622,1439676542030
BPOP,$31.1062,1439676542114
POPE,$66.28,1439676542136
BPOPM,NULL,1439676542146
PBIB,$1.63,1439676542227
PTLA,$47.97,1439676542272
PSTR,$1.7,1439676542485
PBPB,$12.26,1439676542655
PSIX,$32.04,1439676542667
PCH,$35.87,1439676542687
POWL,$27.61,1439676542701
POWI,$39.21,1439676542745
PAGG,$27.85,1439676542800
PDBC,$17.82,1439676542811
PSAU,$12.56,1439676542914
IPKW,$27.25,1439676543034
PRFZ,$100.33,1439676543056
LALT,$22.87,1439676543161
LDRI,$25.1,1439676543232
QQQ,$110.66,1439676543293
PNQI,$75.56,1439676543306
PSCD,$52.5,1439676543519
PSCC,$55.04,1439676543543
PSCE,$20,1439676543577
PSCF,$42.38,1439676543703
PSCU,$38.1975,1439676543722
PSCH,$73.4,1439676543776
PSCI,NULL,1439676543820
PSCM,$36.0801,1439676543833
PSCT,$50.56,1439676543912
PRAA,$57.71,1439676543994
POZN,$9.05,1439676544041
PRAH,$41.12,1439676544497
PRAN,$1.12,1439676544539
PFBC,$31.57,1439676544786
PLPC,$33.98,1439676544874
PINC,$36.6342,1439676545192
LENS,$6.78,1439676545288
PRXI,$2.49,1439676545354
PFBI,$14.94,1439676545395
PSMT,$94.83,1439676545545
PRGX,$4,1439676545627
PBMD,$1.47,1439676545648
PNRG,$56.7,1439676545666
PRMW,$6.51,1439676545724
PVTB,$41.13,1439676545746
PRIM,$18,1439676545786
PVTBP,$26.84,1439676546002
IPDN,$0.99,1439676546048
PDEX,$2.32,1439676546069
PFIE,$0.95,1439676546091
DNAI,$25.38,1439676546492
PGNX,$8.2,1439676546538
TQQQ,$116.1,1439676546556
UBIO,$16.72,1439676546581
PRPH,$1.49,1439676546591
PFPT,$63.35,1439676546615
BIB,$87.5,1439676546634
PRGS,$29.31,1439676546699
PRQR,$16.34,1439676546862
ZBIO,$22.04,1439676546906
BIS,$28.83,1439676547044
PSEC,$7.4,1439676547077
SQQQ,$22.2,1439676547097
PWX,$16,1439676547281
PROV,$16.46,1439676547304
PRTA,$60.91,1439676547333
PVBC,$12.8,1439676547342
PRTO,$13.23,1439676547370
PSBH,$8.01,1439676547417
PBIP,$14.4,1439676547467
PSDV,$4.05,1439676547520
PTC,$35.93,1439676547667
PTCT,$37.25,1439676547730
PMD,$12.5,1439676547855
PULM,$5.56,1439676547881
PULB,$13.38,1439676547912
PCYO,$4.58,1439676547952
QADA,$25.25,1439676548002
QCCO,$1.85,1439676548066
QADB,NULL,1439676548086
QCRH,$21.49,1439676548196
QGEN,$27.72,1439676548215
QIWI,$28.34,1439676548283
QLIK,$41.92,1439676548328
QKLS,$1.6401,1439676548347
QLGC,$9.36,1439676548401
QLTI,$3.5,1439676548502
QRVO,$58.24,1439676548639
QCOM,$61.91,1439676548687
QSII,$12.9,1439676548805
QLTY,$15.95,1439676548878
QRHC,$0.85,1439676548912
QLYS,$31.87,1439676548934
QUIK,$1.46,1439676548960
QBAK,$1.06,1439676548970
QDEL,$21.02,1439676549037
QTWW,$1.57,1439676549078
QPACU,NULL,1439676549188
QPACW,$0.35,1439676549311
QPAC,NULL,1439676549396
QNST,$4.99,1439676549416
QUMU,$4.35,1439676549436
QUNR,$38.4747,1439676549491
QTNT,$16.39,1439676549537
QTNTW,NULL,1439676549600
RRD,$16.05,1439676549733
ROIA,$2.34,1439676549779
RADA,$1.1,1439676549801
RDCM,$10.5,1439676549821
ROIAK,$2.5,1439676549850
RDUS,$66.86,1439676549885
RSYS,$2.7,1439676549951
RDNT,$7.63,1439676549993
RDWR,$19.48,1439676550175
RMBS,$13.45,1439676550280
GOLD,$62.07,1439676550330
RPD,$21.96,1439676550353
RPTP,$13.24,1439676550402
RLOG,$2.62,1439676550449
RAVE,$11.57,1439676550495
RAND,$3.92,1439676550524
ROLL,$67.47,1439676550544
RAVN,$18.52,1439676550670
RICK,$11.17,1439676550727
RCMT,$4.62,1439676550743
RDI,$13.14,1439676550803
RLOC,$2.81,1439676550852
RDIB,$15.6,1439676550892
RGSE,$1.39,1439676551040
RELY,$10.81,1439676551193
RP,$19.31,1439676551216
RNWK,$4.25,1439676551232
RCPT,$231.4,1439676551260
QYLD,$23.6,1439676551298
UK,NULL,1439676551332
DAX,$26.44,1439676551397
REPH,$13.74,1439676551590
RCON,$1.42,1439676551655
REDF,$1.6888,1439676551680
RDHL,$13.8,1439676551698
RRGB,$83.74,1439676551734
REGN,$577,1439676551777
RELV,$0.99,1439676552011
RLYP,$24.89,1439676552072
RGLS,$7.3,1439676552092
MARK,$4.07,1439676552174
REMY,$29.38,1439676552255
REIS,$24.99,1439676552287
RNST,$32.32,1439676552318
REGI,$9.7,1439676552639
RTK,$0.7251,1439676552791
RCII,$27.42,1439676552849
RENT,$50.25,1439676552912
RPRXW,NULL,1439676552954
RPRX,$8.31,1439676553033
RGEN,$34.78,1439676553095
RJET,$3.85,1439676553434
RPRXZ,NULL,1439676553457
RBCAA,$25.14,1439676553519
FRBK,$3.63,1439676553626
REFR,$5.4,1439676553665
RESN,$4.3,1439676553726
RECN,$16.77,1439676553813
REXI,$7.78,1439676553830
SALE,$9.36,1439676553908
RVNC,$30.25,1439676553966
ROIC,$17.1334,1439676553981
RTRX,$29.58,1439676554039
RWLK,$9.49,1439676554154
REXX,$3.35,1439676554193
RVLT,$1.12,1439676554206
RFIL,$4.14,1439676554280
RGCO,$20.38,1439676554343
RIBT,$2.8,1439676554393
RIBTW,NULL,1439676554450
RIGL,$2.74,1439676554573
RELL,$5.5,1439676554615
NAME,$6.98,1439676554653
RNET,$27.78,1439676554712
RITTW,$0.29,1439676554784
RIVR,$22.75,1439676554804
RITT,$1.51,1439676554865
RTTR,$3.18,1439676554880
RLJE,$0.43,1439676555020
RVSB,$4.41,1439676555042
RMGN,$0.932,1439676555087
ROBO,$24.47,1439676555167
RCPI,$0.93,1439676555190
FUEL,$6.89,1439676555261
RCKY,$18.32,1439676555419
RMTI,$12.65,1439676555475
RMCF,$12.4,1439676555530
RSTI,$25.49,1439676555549
ROIQU,NULL,1439676555567
ROIQ,$10.02,1439676555597
ROIQW,$0.3552,1439676555652
ROSG,$2.61,1439676555681
ROST,$53.99,1439676555795
ROKA,$2.58,1439676555900
ROVI,$11.79,1439676555964
RGLD,$53.11,1439676555993
ROYL,$0.7569,1439676556067
RBPAA,$2.1,1439676556155
RRM,$6.76,1439676556282
RPXC,$15.18,1439676556315
RUSHA,$25.79,1439676556384
RBCN,$1.53,1439676556406
RTIX,$6.52,1439676556421
RUTH,$16.72,1439676556448
RUSHB,$23.04,1439676556458
RXII,$0.3889,1439676556602
RYAAY,$75.3137,1439676556697
STBA,$30.74,1439676556717
SBRA,$25.9452,1439676556823
SANW,$4.55,1439676556886
SBRAP,$25.8855,1439676557045
SABR,$28.3676,1439676557075
SAFT,$55.78,1439676557084
SAGE,$58.63,1439676557104
SAEX,$3.34,1439676557128
SAJA,$5.1,1439676557216
SAIA,$41.57,1439676557240
SGNT,$19.68,1439676557305
SALM,$6.07,1439676557378
SAFM,$74.93,1439676557465
SAL,$29.28,1439676557480
SNDK,$57.8,1439676557532
SASR,$27.18,1439676557685
SANM,$21.35,1439676557705
SPNS,$12.19,1439676557806
SGMO,$8.75,1439676557846
SRPT,$35.4501,1439676557866
SBFG,$11,1439676557884
GCVRZ,$0.202,1439676557920
SBAC,$126.8146,1439676558034
SBFGP,NULL,1439676558099
SCSC,$36.53,1439676558117
SMIT,$2.9,1439676558211
SCHN,$16.65,1439676558238
SCHL,$43.08,1439676558295
SCLN,$8.17,1439676558450
SGMS,$12.05,1439676558523
SQI,$12.2,1439676558539
SCYX,$6.89,1439676558574
STX,$52.05,1439676558684
SEAC,$6.29,1439676558722
SBCF,$15.56,1439676558742
SHLD,$25.18,1439676558859
SRSC,$5.9,1439676558920
SHLDW,$15,1439676558951
SHIP,$0.8,1439676558995
SHOS,$7.14,1439676559020
SPNE,$14.9,1439676559076
SGEN,$44,1439676559174
EYES,$12.61,1439676559285
SCSS,$25.78,1439676559399
SEIC,$54.801,1439676559421
SLCT,$7.99,1439676559439
SNFCA,$8,1439676559471
SLTC,$4.05,1439676559550
SIGI,$32.12,1439676559564
LEDS,$0.47,1439676559611
SMLR,$3.25,1439676559773
SMTC,$17.13,1439676559834
SENEA,$29.24,1439676559876
SNMX,$6.99,1439676559905
SENEB,NULL,1439676559915
SQNM,$2.275,1439676560018
MCRB,$38.97,1439676560165
SQBG,$16.52,1439676560227
SFBS,$39.15,1439676560301
SFXE,$1.38,1439676560311
SEV,NULL,1439676560333
SREV,$5.71,1439676560349
SVBI,$4.95,1439676560462
SGOC,$0.46,1439676560502
SHLO,$12.12,1439676560674
SMED,$6.8,1439676560697
SHEN,$41.79,1439676560736
GAME,$6.79,1439676560754
SHPG,$243.9101,1439676560845
SCVL,$27.95,1439676560861
SHBI,$9.77,1439676560911
SHOR,$7.5,1439676561061
SFLY,$40.73,1439676561081
SIFI,$11.66,1439676561229
SIEN,$25.01,1439676561275
SIEB,$1.49,1439676561306
BSRR,$17.23,1439676561332
SWIR,$25.73,1439676561401
SIFY,$1.26,1439676561427
SIGM,$9.84,1439676561495
SGMA,$5.59,1439676561651
SGNL,$1.45,1439676561677
SIAL,$139.65,1439676561753
SBNY,$143.3287,1439676561778
SBNYW,NULL,1439676561794
SILC,$27,1439676561854
SLGN,$55.16,1439676561912
SIMO,$23.8568,1439676562151
SGI,$5.33,1439676562181
SPIL,$5.52,1439676562201
SLAB,$43.79,1439676562218
SSRI,$6.39,1439676562287
SFNC,$44.87,1439676562345
SAMG,$13.4,1439676562417
SINA,$39.977,1439676562464
SLP,$6.32,1439676562538
SMAC,$9.9499,1439676562604
SMACR,$0.85,1439676562630
SMACU,NULL,1439676562644
SBGI,$28.36,1439676562679
SINO,$1.17,1439676562764
SVA,$5.81,1439676562862
SIRI,$3.92,1439676562990
SITO,$3.76,1439676563022
SIRO,$101.48,1439676563042
SZMK,$6.27,1439676563097
SKUL,$7.36,1439676563117
SPU,$1.03,1439676563192
MOBI,$4.04,1439676563335
SKYS,NULL,1439676563380
SKBI,$1.54,1439676563399
SWKS,$88.7,1439676563449
SKYW,$17.45,1439676563476
ISM,$22.88,1439676563585
JSM,$20.12,1439676563603
OSM,$23.66,1439676563637
SLM,$8.9318,1439676564356
SLMAP,$48.05,1439676564378
SLMBP,$55.58,1439676564407
SMT,$0.69,1439676564538
SMSI,$0.84,1439676564600
SPRO,$2.05,1439676564620
SWHC,$17.07,1439676564640
SMTX,$1.54,1439676564676
SMTP,$5.4,1439676564983
LNCE,$34.25,1439676565030
SODA,$16.0052,1439676565074
SLRC,$18.37,1439676565144
SCTY,$49,1439676565172
SOHU,$50.25,1439676565204
SUNS,$15.26,1439676565265
SLTD,$3.62,1439676565298
SOFO,$6.49,1439676565598
SZYM,$2.21,1439676565618
SONC,$29.01,1439676565663
SEDG,$27.25,1439676565696
SPHS,$0.94,1439676565712
SONS,$7.54,1439676565751
SRNE,$14.76,1439676565816
SOHO,$6.84,1439676565871
SOHOM,$25.85,1439676566015
SORL,$2.05,1439676566048
SOHOL,NULL,1439676566067
SSB,$77.55,1439676566085
SFBC,$20.15,1439676566262
SFST,$21.21,1439676566311
SOCB,$12.88,1439676566360
SMBC,$19.65,1439676566435
SONA,$11.49,1439676566455
SBSI,$27.88,1439676566495
OKSB,$17.51,1439676566577
SP,$25.08,1439676566618
SPAN,$19.26,1439676566780
SPKE,$16.48,1439676566798
SGRP,$1.38,1439676566844
SPAR,$4.68,1439676566862
SBSA,$6.47,1439676566924
SPTN,$33.58,1439676566963
ONCE,$45.8,1439676567060
SPPI,$6.95,1439676567198
SPDC,$0.2056,1439676567295
ANY,$3.23,1439676567366
SPEX,$0.238,1439676567377
SAVE,$60.27,1439676567420
SPWH,$12.26,1439676567490
SPOK,$16.81,1439676567551
SPLK,$69.78,1439676567569
FUND,$6.57,1439676567668
SPSC,$71.37,1439676567762
SSNC,$68.81,1439676567805
SFM,$21.02,1439676567826
SQBK,$27.58,1439676567867
STAA,$7.75,1439676567969
STMP,$86.12,1439676567982
STLY,$3.02,1439676568125
SPLS,$14.23,1439676568224
SBLKL,$21,1439676568286
SBLK,$2.55,1439676568318
SBUX,$57.1,1439676568379
STRZB,NULL,1439676568449
STBZ,$20.07,1439676568527
STRZA,$37.07,1439676568585
SIBC,$21.19,1439676568649
STFC,$23.79,1439676568667
STDY,$4.83,1439676568796
SNC,$10.4,1439676568847
GASS,$5.01,1439676568867
STLD,$20.3557,1439676568920
SXCL,$20.75,1439676569030
STNR,$58.39,1439676569122
SMRT,$10.33,1439676569303
STEM,$0.425,1439676569378
STML,$10.04,1439676569394
STXS,$0.94,1439676569421
STRL,$5.24,1439676569439
SRCL,$145.53,1439676569459
SSFN,$6.15,1439676569609
SHOO,$40.0752,1439676569641
SYBT,$37.05,1439676569743
BANX,$16.64,1439676569833
SSYS,$31.41,1439676569867
STCK,$19.16,1439676569892
SGBK,$31,1439676569936
STRT,$67.67,1439676570067
STRS,$16.45,1439676570133
STRA,$54.02,1439676570224
SCMP,$23.66,1439676570342
SUBK,$27.66,1439676570363
STRM,$2.76,1439676570383
STB,$4.15,1439676570407
SMMF,$12.37,1439676570464
SUMR,$1.85,1439676570487
SSBI,$13.37,1439676570596
SMMT,$12.75,1439676570707
SEMI,$12.95,1439676570780
SNBC,$19.76,1439676570802
SNHY,$33.44,1439676570888
SNSS,$1.175,1439676570950
GOMO,$4.7,1439676570968
STKL,$9.615,1439676571029
SPWR,$25.6699,1439676571074
RUN,$10.04,1439676571211
SBCP,$14.39,1439676571232
SSH,$2.76,1439676571269
SPCB,$11.18,1439676571308
SCON,$0.98,1439676571378
SGC,$17.16,1439676571491
SMCI,$27.55,1439676571553
SUPN,$17.44,1439676571669
SPRT,$1.22,1439676571690
SRDX,$23.14,1439676571817
SCAI,$38.04,1439676571884
TOR,$1.27,1439676571954
SIVB,$140.7681,1439676572020
SWSH,$1.49,1439676572053
SBBX,$12.41,1439676572075
SYKE,$25.5,1439676572115
SIVBO,$25.58,1439676572181
SSRG,$8.55,1439676572366
SYNC,$1.65,1439676572387
SYNL,$12.11,1439676572419
SYMC,$21.6,1439676572492
SYNA,$72.57,1439676572520
SNCR,$46.94,1439676572649
SGYP,$7.85,1439676572748
SGYPW,$3.4,1439676572803
SURG,$4.48,1439676572852
SGYPU,NULL,1439676572913
ELOS,$10.18,1439676572961
SNTA,$2.09,1439676573033
SYNT,$43.86,1439676573045
SNPS,$51.64,1439676573085
SYUT,$6.18,1439676573585
SYMX,$1.06,1439676573710
SYPR,$1.41,1439676573732
TTOO,$12.99,1439676573774
TTWO,$30.7163,1439676573796
TROW,$76.0852,1439676573818
TAIT,$0.97,1439676573834
SYRX,$1.44,1439676573853
TLMR,$16.12,1439676573996
TRGT,$2.41,1439676574319
TNGO,$8.03,1439676574353
TASR,$23.97,1439676574367
TLF,$7.99,1439676574404
TNDM,$12.4119,1439676574416
TANH,$23.21,1439676574468
TEDU,$12.7739,1439676574495
TATT,$7.1252,1439676574727
TCPC,$15.67,1439676574808
TAYD,$12.89,1439676574846
TEAR,$2.83,1439676574900
TCCO,$3.14,1439676574930
TECD,$58.92,1439676574994
TGLS,$14.09,1439676575015
TTGT,$10.03,1439676575035
TGEN,$3.9,1439676575108
TTEC,$28.81,1439676575291
TECU,$4.97,1439676575320
TENX,$3.69,1439676575348
TSYS,$3.43,1439676575392
TERP,$25.5,1439676575489
TNAV,$7.29,1439676575521
GLBL,$10.56,1439676575586
TRTL,NULL,1439676575717
TRTLU,NULL,1439676575733
TSRO,$50.68,1439676575753
TRTLW,NULL,1439676575789
TBNK,$25.922,1439676575841
TSLA,$243.3,1439676575862
TESO,$8.76,1439676575942
TSRA,$34.58,1439676576107
TTEK,$27.11,1439676576156
TLOG,$2.49,1439676576236
TTPH,$43.31,1439676576289
TESS,$23.24,1439676576366
TCBIL,$25.4,1439676576444
TCBI,$57.23,1439676576482
TCBIP,$25.59,1439676576539
TXN,$50.64,1439676576589
TCBIW,NULL,1439676576606
TXRH,$38.76,1439676576700
TGTX,$15.29,1439676576723
TFSL,$17.5735,1439676576774
ABCO,$50.37,1439676576817
ANDE,$38.07,1439676576998
TBBK,$7.94,1439676577063
BONT,$3.99,1439676577144
CAKE,$57.1,1439676577211
CHEF,$16.84,1439676577293
ENSG,$48.42,1439676577368
DSGX,$17.13,1439676577479
CG,$24.79,1439676577498
DXYN,$11.19,1439676577535
FBMS,$17.5,1439676577554
TCFC,$22.87,1439676577602
FINL,$28.0625,1439676577665
XONE,$7.61,1439676577836
TFM,$29.61,1439676577943
GT,$31.95,1439676577959
FLIC,$26.76,1439676578052
HCKT,$14.89,1439676578149
CUBA,$9.33,1439676578227
HABT,$26.04,1439676578311
INTG,$30.47,1439676578332
JYNT,$8.88,1439676578352
HAIN,$68.3118,1439676578369
MDCO,$30.27,1439676578388
KEYW,$7.8,1439676578414
MSG,$77.03,1439676578524
KHC,$76.38,1439676578559
MIK,$25.5769,1439676578680
MIDD,$120.3156,1439676578744
NDAQ,$53.5399,1439676578986
PRSC,$46.81,1439676579011
NAVG,$78.75,1439676579020
STKS,$3.6,1439676579057
SPNC,$15.83,1439676579114
PCLN,$1285.21,1439676579129
ULTI,$191.18,1439676579225
YORW,$21.22,1439676579262
THRX,$13.74,1439676579393
NCTY,NULL,1439676579443
TBPH,$11.94,1439676579507
TST,$1.765,1439676579525
TCRD,$12.21,1439676579658
THOR,$63.25,1439676579746
THLD,$4.2,1439676579816
THTI,$0.57,1439676579841
TTS,$14,1439676579960
TIL,$3.75,1439676579978
TIGR,$0.3229,1439676579987
TICC,$6.64,1439676580013
TSBK,$10.87,1439676580179
TIPT,$5.84,1439676580198
TIVO,$9.4789,1439676580220
TITN,$14.19,1439676580429
TKAI,$12.67,1439676580440
TBRA,$13.56,1439676580459
TNXP,$6.95,1439676580533
TRCH,$1,1439676580717
TOPS,$1.1,1439676580736
TSEM,$13.92,1439676580940
TRNX,$24.1,1439676580950
TW,$125.48,1439676580972
TWER,$1.98,1439676580982
CLUB,$2.02,1439676581013
TISA,$3.96,1439676581022
TOWN,$18.43,1439676581201
TCON,$11.8,1439676581297
TWMC,$3.59,1439676581343
TSCO,$93.1,1439676581368
TSRE,$7,1439676581446
TACT,$8,1439676581516
TRNS,$8.99,1439676581641
TBIO,$1.25,1439676581707
TGA,$2.95,1439676581757
TZOO,$8.79,1439676581804
TTHI,$2.87,1439676581843
TCBK,$25.31,1439676581865
TRS,$17.29,1439676582030
TRVN,$6.5,1439676582068
TRIB,$16.2585,1439676582139
TRIL,$19.24,1439676582189
TRMB,$19.99,1439676582209
TSC,$12.23,1439676582236
TRIP,$72.49,1439676582323
TRIV,$5.49,1439676582418
TBK,$14.29,1439676582465
TROV,$6.1,1439676582572
TROVU,NULL,1439676582606
TRUE,$5.41,1439676582712
TROVW,NULL,1439676582737
THST,$2.7464,1439676582892
TRMK,$24.04,1439676582916
TRST,$6.18,1439676582939
TUBE,$11.27,1439676582967
TSRI,$4.49,1439676582985
TCX,$24.9828,1439676583071
TOUR,$15.7144,1439676583206
TTMI,$7.62,1439676583226
TUES,$9.46,1439676583320
HEAR,$2.25,1439676583379
TUTI,$24.24,1439676583396
TUTT,$24.24,1439676583563
FOX,$29.7023,1439676583616
FOXA,$30.31,1439676583668
USEG,$0.629,1439676583850
TWIN,$14.69,1439676583865
USCR,$56.45,1439676583921
GROW,$2.35,1439676583981
TRCB,$9.13,1439676584170
UBIC,NULL,1439676584188
PRTS,$2.24,1439676584199
UFPT,$21.69,1439676584279
UBNT,$32.71,1439676584305
ULTA,$171.04,1439676584506
RARE,$110.51,1439676584533
UCTT,$7.45,1439676584551
ULBI,$4.5,1439676584597
UTEK,$16.65,1439676584790
UMBF,$54.57,1439676584812
ULTR,$0.9,1439676584827
UNAM,$9.5,1439676585107
UNIS,$1.36,1439676585130
UMPQ,$17.372,1439676585148
UBSH,$24.35,1439676585159
UNXL,$0.94,1439676585261
UNB,$26.78,1439676585289
UBOH,$15.88,1439676585439
UBCP,$8.53,1439676585455
QURE,$25.2163,1439676585478
UCFC,$5.04,1439676585572
UCBI,$20.8,1439676585606
UCBA,$13.97,1439676585740
UBSI,$39.9,1439676585776
UFCS,$36.45,1439676585868
UDF,$17.89,1439676585901
UBNK,$13.34,1439676586047
UIHC,$14.36,1439676586071
UNTD,$12.13,1439676586401
UBFO,$5.09,1439676587060
UNFI,$46.78,1439676587189
USLM,$53.75,1439676587365
USBI,$8.85,1439676587386
UTHR,$164.74,1439676587654
UG,$19.24,1439676587695
UNTY,$10.05,1439676587966
UEIC,$48.44,1439676587981
UFPI,$63.9077,1439676588007
OLED,$38.72,1439676588017
USAP,$12.76,1439676588037
UACL,$20.42,1439676588282
UVSP,$19.75,1439676588298
UPIP,$0.745,1439676588325
URRE,$0.93,1439676588372
URBN,$32.25,1439676588398
DTYS,$20.18,1439676588418
UPLD,$7.95,1439676588456
DTYL,NULL,1439676588589
ECOL,$51.52,1439676588626
DTUS,$31.8,1439676588905
DFVS,NULL,1439676588921
DLBS,$20.98,1439676588998
STPP,NULL,1439676589057
USAT,$3.1,1439676589074
DLBL,NULL,1439676589218
FLAT,NULL,1439676589246
USATP,NULL,1439676589275
UTMD,$51.64,1439676589297
USMD,$7.25,1439676589356
USAK,$21,1439676589496
UTSI,$1.95,1439676589519
UTIW,$7.91,1439676589539
VALX,$25.628,1439676589562
VALU,$13.84,1439676589623
VNDA,$12.03,1439676589817
VNQI,$55.06,1439676589886
VCIT,$84.58,1439676589915
VWOB,$75.92,1439676589957
VGIT,$64.75,1439676590057
VCLT,$86.94,1439676590079
VNR,$8.92,1439676590135
VGLT,$76.64,1439676590210
VMBS,$53.06,1439676590255
VNRAP,$22.04,1439676590373
VNRCP,$17.61,1439676590402
VONE,$97.12,1439676590491
VONG,$103.78,1439676590544
VNRBP,$17.22,1439676590726
VONV,$90,1439676590737
VTWO,$97.04,1439676590758
VTWG,$109.69,1439676590824
VTWV,$85.22,1439676590887
VTHR,$96.79,1439676590910
VGSH,$61.04,1439676591183
BNDX,$52.93,1439676591193
VXUS,$49.2,1439676591223
VTIP,$48.36,1439676591238
VPCO,$0.8,1439676591296
VCSH,$79.35,1439676591313
VPCOU,$10.35,1439676591322
VRNS,$23.49,1439676591585
VDSI,$18.7,1439676591622
VBLT,$5.34,1439676591646
VASC,$37.64,1439676591755
VECO,$23.09,1439676591827
WOOF,$58.28,1439676591887
VBIV,$2.51,1439676591919
APPY,$0.4099,1439676591972
VRA,$11.05,1439676591986
VSTM,$7.52,1439676592050
VCYT,$9.18,1439676592129
VRSK,$76.8,1439676592191
VCEL,$3.43,1439676592207
VRNT,$58,1439676592279
VRSN,$71.09,1439676592318
VBTX,$16.05,1439676592470
VRML,$1.93,1439676592620
VRTX,$136.88,1439676592652
VTNR,$2.45,1439676592738
VSAR,$16.84,1439676592754
VRTA,$3.3401,1439676592795
VIA,$44.9188,1439676592900
VSAT,$61.09,1439676592921
VIAB,$44,1439676592951
VRTB,NULL,1439676592983
VICL,$0.6297,1439676593141
VIAV,$5.68,1439676593258
VBND,$49.49,1439676593290
VUSE,$26.34,1439676593335
VICR,$11.42,1439676593392
VIDI,$21.66,1439676593436
VDTH,$11.91,1439676593648
VBFC,NULL,1439676593684
VKTX,$7.52,1439676593807
VNOM,$16.1224,1439676593830
VIMC,$11.42,1439676593847
VGGL,$1.35,1439676593866
VLGEA,$28.55,1439676593943
VIP,$5.43,1439676593953
VIRT,$21.1,1439676594189
VA,$35.14,1439676594289
VIRC,$2.54,1439676594319
VRTS,$126.4,1439676594330
VRTU,$50.26,1439676594352
VSCP,$2.31,1439676594388
VISN,$10.4,1439676594499
VTAE,$8.28,1439676594533
VTL,$14.53,1439676594624
VIIZ,NULL,1439676594670
VIIX,$21.56,1439676594748
VLTC,$8.36,1439676594797
VVUS,$1.16,1439676594820
VOD,$37.53,1439676594895
VOXX,$7.89,1439676594916
VRNG,$0.6424,1439676595060
VSEC,$46.39,1439676595189
VUZI,$4.11,1439676595227
VTVT,$8.03,1439676595284
VWR,$27.2344,1439676595322
WGBS,$1.34,1439676595340
WAFD,$23.25,1439676595423
WBA,$92.1,1439676595442
WRES,$0.4108,1439676595598
WASH,$39.94,1439676595633
WAFDW,$5.7,1439676595660
WSBF,$13.15,1439676595738
WFBI,$18.63,1439676595758
WAVX,$0.14,1439676595836
WAYN,$12.78,1439676595935
FLAG,NULL,1439676596137
WWWW,$24.18,1439676596210
WEBK,$19.64,1439676596290
WSTG,$17.49,1439676596310
WDFC,$89,1439676596319
WBMD,$43.35,1439676596344
WB,$13.6,1439676596411
WERN,$28.45,1439676596468
WEN,$9.96,1439676596605
WTBA,$19.49,1439676596631
WSBC,$31.928,1439676596645
WSTC,$26.18,1439676596712
WABC,$48.78,1439676596757
WMAR,$9.02,1439676596780
WBB,$17.68,1439676596799
WFD,$7.44,1439676597082
WSTL,$1.13,1439676597159
WDC,$82.5,1439676597176
WHLR,$1.94,1439676597265
WLB,$12.16,1439676597295
WEYS,$28,1439676597306
WPRT,$3.77,1439676597342
WHLRW,NULL,1439676597981
WHFBL,$25.6,1439676598133
WHLM,$5.78,1439676598188
WHLRP,$22.41,1439676598229
WILN,$2.09,1439676598274
WHF,$12.62,1439676598285
WFM,$33.47,1439676598309
WVVI,$7.49,1439676598607
WLFC,$15.74,1439676598680
WLDN,$10.27,1439676598700
WIN,$6.72,1439676598711
WIBC,$11.35,1439676598721
WING,$29.87,1439676598809
WTFC,$53.98,1439676598873
WINA,$103.06,1439676598921
WTFCM,$25.75,1439676599117
AGND,$44.42,1439676599137
AGZD,$48.37,1439676599155
WTFCW,NULL,1439676599190
HYZD,$23.44,1439676599233
HYND,$21.06,1439676599287
CXSE,NULL,1439676599429
EMCG,NULL,1439676599480
EMCB,$69.74,1439676599595
DGRE,$21.1,1439676599623
DXJS,$37.31,1439676599637
WETF,$24.63,1439676599669
DXGE,$28.63,1439676599688
JGBB,NULL,1439676599799
DXKW,$19.49,1439676599923
GULF,$19.34,1439676599938
CRDT,$72.94,1439676599977
DGRW,$30.99,1439676600043
DXPS,$24.8,1439676600058
DGRS,$28.39,1439676600188
UBND,NULL,1439676600206
WIX,$22.16,1439676600282
WLRH,$10.2,1439676600374
WLRHU,$10.96,1439676600396
WBKC,$25.87,1439676600438
WWD,$48.26,1439676600530
WLRHW,$0.85,1439676600688
WRLD,$33.69,1439676600708
WOWO,$5.75,1439676600741
WPPGY,$110.86,1439676600860
WPCS,$1.24,1439676600885
WMGI,$25.16,1439676600894
WMGIZ,$3.7537,1439676600932
WVFC,$11.04,1439676601139
WSFS,$28.838,1439676601157
WSCI,$5.34,1439676601205
XBIT,$16.85,1439676601292
WSFSL,$27.85,1439676601308
XELB,$8.9,1439676601395
WYNN,$92.43,1439676601454
XCRA,$6.13,1439676601471
XNCR,$18.73,1439676601664
XBKS,$6.15,1439676601754
XNPT,$6.47,1439676601826
XENE,$9.9,1439676601867
XOMA,$0.83,1439676602005
XGTI,$0.9,1439676602072
XLNX,$43.45,1439676602125
XGTIW,$0.09,1439676602141
XPLR,$6.06,1439676602199
XOOM,$24.85,1439676602215
XTLB,$1.79,1439676602279
YHOO,$36.34,1439676602510
YOD,$2.4899,1439676602585
YDLE,$16.84,1439676602698
XNET,$9.67,1439676602762
YNDX,$12.82,1439676602797
YCB,$29.88,1439676602824
YRCW,$19.53,1439676602837
YECO,$4.08,1439676602907
YY,$61.02,1439676602926
ZFGN,$36.74,1439676603000
ZAGG,$7.5,1439676603156
ZAIS,$10.33,1439676603178
ZBRA,$89.54,1439676603196
ZAZA,$0.56,1439676603215
ZLTQ,$35.5,1439676603310
ZHNE,$1.67,1439676603326
Z,$73.2246,1439676603585
ZNWAA,NULL,1439676603707
ZAVVV,$23.3,1439676603726
ZIONW,NULL,1439676603754
ZN,$1.59,1439676603766
ZIXI,$4.93,1439676603791
ZION,$30.5061,1439676603803
ZCVVV,$25.19,1439676603852
ZIOP,$9.85,1439676604040
ZIONZ,NULL,1439676604122
ZGNX,$19.2,1439676604177
ZSAN,$7.95,1439676604197
ZU,$12.57,1439676604217
ZSPH,$50.23,1439676604230
ZYNE,$34.84,1439676604286
ZNGA,$2.683,1439676604414
ZUMZ,$23.37,1439676604429
